-- phpMyAdmin SQL Dump
-- version 3.0.0-rc2
-- http://www.phpmyadmin.net
--
-- Host: 192.168.0.57
-- Generation Time: Nov 26, 2011 at 09:52 AM
-- Server version: 5.0.22
-- PHP Version: 5.2.6

SET SQL_MODE="NO_AUTO_VALUE_ON_ZERO";

--
-- Database: `spaghetti`
--

-- --------------------------------------------------------

--
-- Table structure for table `categories`
--

CREATE TABLE IF NOT EXISTS `categories` (
  `categ_id` tinyint(2) unsigned NOT NULL auto_increment,
  `categ_name` varchar(15) character set utf8 collate utf8_spanish_ci NOT NULL,
  `categ_url` varchar(20) character set utf8 collate utf8_spanish_ci NOT NULL,
  `categ_enabled` tinyint(1) NOT NULL default '1',
  PRIMARY KEY  (`categ_id`)
) ENGINE=InnoDB DEFAULT CHARSET=utf8 COLLATE=utf8_unicode_ci AUTO_INCREMENT=3 ;

--
-- Dumping data for table `categories`
--

INSERT INTO `categories` (`categ_id`, `categ_name`, `categ_url`, `categ_enabled`) VALUES
(1, 'Artículos', 'articulos', 1),
(2, 'Noticias', 'noticias', 1);

-- --------------------------------------------------------

--
-- Table structure for table `comments`
--

CREATE TABLE IF NOT EXISTS `comments` (
  `com_id` int(7) unsigned NOT NULL auto_increment,
  `com_post` int(7) unsigned NOT NULL,
  `com_user` varchar(100) collate utf8_spanish_ci NOT NULL,
  `com_email` varchar(150) collate utf8_spanish_ci NOT NULL,
  `com_date` datetime default NULL,
  `com_body` text collate utf8_spanish_ci NOT NULL,
  `com_enabled` tinyint(1) NOT NULL default '1',
  `com_ip` varchar(15) collate utf8_spanish_ci default NULL,
  PRIMARY KEY  (`com_id`),
  KEY `com_post` (`com_post`)
) ENGINE=InnoDB DEFAULT CHARSET=utf8 AUTO_INCREMENT=50 ;

--
-- Dumping data for table `comments`
--

INSERT INTO `comments` (`com_id`, `com_post`, `com_user`, `com_email`, `com_date`, `com_body`, `com_enabled`, `com_ip`) VALUES
(1, 1, 'Carlos', '', '2010-04-11 00:00:00', 'Muy buenos sitios! Los voy a tener en cuenta.', 1, NULL),
(2, 2, 'Juan', '', '2010-04-11 17:14:03', 'Siempre que windows anunció un nuevo explorador me dieron muchos dolores de cabeza! jejeje\r\n\r\nSaludos desde Chile.', 1, NULL),
(3, 2, 'Yadir Gómez', '', '2010-04-12 11:58:19', 'Conociendo a IE nos dará dolores de cabeza.\r\n\r\nSaludos buen blog', 1, NULL),
(4, 3, 'Distriker', '', '2010-04-12 17:35:01', 'Tiene muy buena pinta. Sería cuestión de probarlo.\r\n\r\nSaludos', 1, NULL),
(5, 3, 'SpaghettiBlog', '', '2010-04-12 21:52:57', 'Lo he probado un poco y es muy sencillo de usar. \r\nLo recomiendo!', 1, NULL),
(6, 1, 'Jose', '', '2010-04-13 11:33:12', 'Excelentes recomendaciones', 1, NULL),
(7, 4, 'Jose', '', '2010-04-13 11:36:05', 'No creo que tome el lugar de IDE preferido, pero si el de Editor, para programacion extensa es muchisimo mejor Netbeanas, Zend Studio, Eclipse, etc, que manejan enlaces de clase etc... pero para editar de forma visual HTML, CSS no hay otro mejor.', 1, NULL),
(8, 4, 'jOan', '', '2010-04-13 11:55:04', 'Que bueno, solo me queda esperar a poder adquirirlo y probarlo', 1, NULL),
(9, 2, 'Jesús', '', '2010-04-13 17:19:02', 'A pesar de que lo uso(asi como tambien safari, chrome y mozilla), ya me da dolores de cabeza... no descarto que siga haciendolo...\r\n\r\nlo espero principalmente por el css3.\r\n\r\nVenezuela...', 1, NULL),
(10, 3, 'Distriker', '', '2010-04-14 06:58:07', 'Si, finalmente lo he probado y está bien, es muy útil.\r\n\r\nSaludos', 1, NULL),
(11, 5, 'Fer', '', '2010-04-14 08:20:50', 'Buenísima la recopilación.\r\nMuchas gracias.', 1, NULL),
(12, 3, 'dejitaru', '', '2010-04-14 11:40:26', 'se ve rebueno :D', 1, NULL),
(13, 6, 'Adrià Marcet', '', '2010-04-15 04:23:56', 'Por favor, por favor. Te has dejado www.css-tricks.com gestionadio por Chris Coyer que además tiene un canal de podcast en iTunes muy bueno. Es de los únicos que se curran algo así. Entra y te gustará seguro. \r\nSaludos.', 1, NULL),
(14, 6, 'Julio Flores', '', '2010-04-15 12:20:40', 'Si!! Chris Coyier, su podcast es de muy buena calidad, aunque últimamente creo no ha sacado alguno. Ah por cierto veo que tu lista son sólo anglosajones (te falto smashingmagazine, pero la tienes en el blogroll)... Ah! sería muy bueno contar con una de blogs en español ;)', 1, NULL),
(15, 11, 'Martín', '', '2010-07-18 13:05:07', 'jajajaja, es una gran verdad este video! Muy bueno.', 1, NULL),
(49, 22, 'Freddy', '', '2011-10-18 08:03:25', 'Muy buen aporte!', 1, NULL);

-- --------------------------------------------------------

--
-- Table structure for table `posts`
--

CREATE TABLE IF NOT EXISTS `posts` (
  `post_id` int(7) unsigned NOT NULL auto_increment,
  `post_categ` tinyint(2) unsigned NOT NULL,
  `post_url` varchar(200) collate utf8_spanish_ci NOT NULL,
  `post_img` varchar(255) collate utf8_spanish_ci NOT NULL,
  `post_title` varchar(100) collate utf8_spanish_ci NOT NULL,
  `post_intro` text collate utf8_spanish_ci,
  `post_body` text collate utf8_spanish_ci NOT NULL,
  `post_enabled` tinyint(1) NOT NULL default '1',
  `post_up` datetime NOT NULL,
  `post_down` datetime default NULL,
  `post_change` datetime default NULL,
  `post_tag` varchar(200) collate utf8_spanish_ci default NULL,
  `post_visits` mediumint(7) unsigned default '0',
  PRIMARY KEY  (`post_id`),
  KEY `post_categ` (`post_categ`)
) ENGINE=InnoDB DEFAULT CHARSET=utf8 AUTO_INCREMENT=25 ;

--
-- Dumping data for table `posts`
--

INSERT INTO `posts` (`post_id`, `post_categ`, `post_url`, `post_img`, `post_title`, `post_intro`, `post_body`, `post_enabled`, `post_up`, `post_down`, `post_change`, `post_tag`, `post_visits`) VALUES
(1, 1, 'poca-inspiracion-conoce-los-15-mejores-sitios-de-galerias-css', 'http://www.spaghettiblog.com.ar/img/galeriaCss.jpg', '¿Poca inspiración? Conoce los 15 mejores sitios de galerias CSS', 'Hay días que nos encontramos con poca inspiración a la hora de diseñar un sitio web.\r\nSi hoy es uno de esos días, conoce los 15 mejores sitios con galerías CSS para observar diseños de gran calidad cumpliendo con los estándares.', '<p>Hay días que nos encontramos con poca inspiración a la hora de diseñar un sitio web.\r\nSi hoy es uno de esos días, conoce los 15 mejores sitios con galerías CSS para observar diseños de gran calidad cumpliendo con los estándares.<p>\r\n<ul>\r\n	<li>\r\n		<h3><a href="http://www.divinecss.com/">Divinecss</a></h3>\r\n		<p><a href="http://www.divinecss.com/"><img src="/img/divinecss.jpg" alt="Divinecss"/></a></p>\r\n	</li>\r\n\r\n	<li>\r\n		<h3><a href="http://www.thebestdesigns.com/">The Best Designs</a></h3>\r\n		<p><a href="http://www.thebestdesigns.com/"><img src="/img/thebestdesigns.jpg" alt="The Best Designs"/></a></p>	\r\n	</li>\r\n\r\n	<li>\r\n		<h3><a href="http://www.css-design-yorkshire.com/">Css Design Yorkshire</a></h3>\r\n		<p><a href="http://www.css-design-yorkshire.com/"><img src="/img/css-design-yorkshire.jpg" alt="Css Design Yorkshire"/></a></p>\r\n	</li>\r\n\r\n	<li>\r\n		<h3><a href="http://www.cssstyle.me/">Css Style</a></h3>\r\n		<p><a href="http://www.cssstyle.me/"><img src="/img/cssstyle.jpg" alt="Css Style"/></a></p>\r\n	</li>\r\n\r\n	<li>\r\n		<h3><a href="http://rgbgarden.com/">Rgb Garden</a></h3>\r\n		<p><a href="http://rgbgarden.com/"><img src="/img/rgbgarden.jpg" alt="Rgb Garden"/></a></p>\r\n	</li>\r\n\r\n	<li>\r\n		<h3><a href="http://cssbased.com/">Css Based</a></h3>\r\n		<p><a href="http://cssbased.com/"><img src="/img/cssbased.jpg" alt="Css Based"/></a></p>\r\n	</li>\r\n\r\n	<li>\r\n		<h3><a href="http://www.csswebsites.nl/">Css Web Sites</a></h3>\r\n		<p><a href="http://www.csswebsites.nl/"><img src="/img/csswebsites.jpg" alt="Css Web Sites"/></a></p>\r\n	</li>\r\n\r\n	<li>\r\n		<h3><a href="http://minimalexhibit.com/">Minimal Exhibit</a></h3>\r\n		<p><a href="http://minimalexhibit.com/"><img src="/img/minimalexhibit.jpg" alt="Minimal Exhibit"/></a></p>\r\n	</li>\r\n\r\n	<li>\r\n		<h3><a href="http://foliofocus.com/">Folio Focus</a></h3>\r\n		<p><a href="http://foliofocus.com/"><img src="/img/foliofocus.jpg" alt="Folio Focus"/></a></p>\r\n	</li>\r\n\r\n	<li>\r\n		<h3><a href="http://blogdesignheroes.com/">Blog Design Heroes</a></h3>\r\n		<p><a href="http://blogdesignheroes.com/"><img src="/img/blogdesignheroes.jpg" alt="Blog Design Heroes"/></a></p>\r\n	</li>\r\n\r\n	<li>\r\n		<h3><a href="http://typeinspire.com/">Type Inspire</a></h3>\r\n		<p><a href="http://typeinspire.com/"><img src="/img/typeinspire.jpg" alt="Type Inspire"/></a></p>\r\n	</li>\r\n\r\n	<li>\r\n		<h3><a href="http://www.cssleak.com/">Css Leak</a></h3>\r\n		<p><a href="http://www.cssleak.com/"><img src="/img/cssleak.jpg" alt="Css Leak"/></a></p>\r\n	</li>\r\n\r\n	<li>\r\n		<h3><a href="http://cssnature.org/">Css Nature</a></h3>\r\n		<p><a href="http://cssnature.org/"><img src="/img/cssnature.jpg" alt="Css Nature"/></a></p>\r\n	</li>\r\n\r\n	<li>\r\n		<h3><a href="http://csscollections.com/">Css Collections</a></h3>\r\n		<p><a href="http://csscollections.com/"><img src="/img/csscollections.jpg" alt="Css Collections"/></a></p>\r\n	</li>\r\n\r\n	<li>\r\n		<h3><a href="http://www.css-showcase.com/">Css Showcase</a></h3>\r\n		<p><a href="http://www.css-showcase.com/"><img src="/img/css-showcase.jpg" alt="Css Showcase"/></a></p>\r\n	</li>\r\n</ul>', 1, '2010-04-10 00:00:00', NULL, NULL, 'css, galerias, diseño web', 0),
(2, 2, 'ie9-soportara-css3-html-5-y-svg-podra-ganar-la-batalla', 'http://www.spaghettiblog.com.ar/img/IE9.jpg', 'IE9 soportará CSS3, HTML 5 y SVG... ¿podrá ganar la batalla?', 'IE9 promete cumplir con los estándares y dar soporte las nuevas tecnologías.', '<p>Navegando por la web, me encontré con <a href="http://ie.microsoft.com/testdrive/Default.html" target="_blank">este enlace</a> el cual permite descargar una versión de prueba del nuevo Internet Explorer 9</p>\r\n<p>Las principales novedades que se mencionan son que tendrá soporte de CSS3, HTML5 y SVG, poniéndose a la par con otros navegadores como Firefox o Chrome, los cuales ya brindan soporte para estas nuevas tecnologías.</p>\r\n<p>Este nuevo lanzamiento, ¿nos quitará varios dolores de cabeza o todo lo contrario?</p>', 1, '2010-04-10 00:00:00', NULL, NULL, 'IE9, Internet Explorer, Explorer, Navegadores, HTML5, CSS3, SVG', 0),
(3, 1, 'js-bin-ide-online-de-javascript-html-y-css', 'http://www.spaghettiblog.com.ar/img/jsbin.jpg', 'JS Bin: IDE online de JavaScript, HTML y CSS', '¿Cuantás veces te has visto con la necesidad de mostrar a otros colegas algún problema con el código de tus scripts? JS Bin puede ser una herramienta de gran ayuda para esos casos.', '<p><a href="http://jsbin.com" target="_blank">JS Bin</a> es un IDE online de JavaScript que además nos permite incluir código HTML y CSS para proporcionar contexto a los scripts que estemos desarrollando.</p>\r\n<p>Ha sido desarrollado para que los programadores puedan trabajar de forma colaborativa en determinados proyectos, aunque se encuentra abierto a cualquier usuario.</p>\r\n<p>Estas son algunas de las caracterísitcas que ofrece:</p>\r\n<ul>\r\n<li>Editar y guardar fragmentos de códgio.</li>\r\n<li>Realizar un previsualización de nuestro código.</li>\r\n<li>Incluir alguna de las librerías más conocidas.</li>\r\n<li>Guardar la URL del proyecto y compartirla con otros colegas o hacerla pública.</li>\r\n</ul>\r\n<p><img src="http://www.spaghettiblog.com.ar/img/jsbin.jpg" /> <p>\r\n<br />\r\n<p><img src="http://www.spaghettiblog.com.ar/img/jsbin2.jpg" /></p>\r\n<p>Para obtener más información puedes visitar el blog de <a href="http://remysharp.com">Remy Sharp</a>, su creador.</p>', 1, '2010-04-11 00:00:00', NULL, NULL, 'jsbin, ide online, javascript, html, css', 0),
(4, 2, 'adobe-cs5-novedades-de-dreamweaver', 'http://www.spaghettiblog.com.ar/img/cs5.jpg', 'Adobe CS5: Novedades de Dreamweaver', 'El 12 de abril se ha realizado el lanzamiento mundial de Adobe CS5. ¿No lo sabías? Enterate de las nuevas e interesantes funcionalidades de Dreamweaver.', '<p>El 12 de abril se ha realizado el lanzamiento mundial de la nueva suite de Adobe CS5. Photoshop y Flash tuvieron una excelente presentación y una gran promoción. Sin embargo, otros productos como Dreamweaver recibieron una escasa cobertura.</p>\r\n\r\n<p>Por tal motivo, les acercamos las nuevas e impresionantes funcionalidades que podemos encontrar en Dreamweaver CS5, el cual se estrenará a mediados de mayo:\r\n\r\n<h3>1. Compatibilidad con CMS integrada</h3>\r\n	<p>Tal vez la funcionalidad más emocionante que nos ofrece, ya que nos permite navegar por las diferentes páginas mientras trabajamos en un sistema de gestión de contenido como WordPress, Joomla! o Drupal desde Dreamweaver.</p>\r\n\r\n<h3>2. Integración con Adobe BrowserLab</h3>\r\n	<p>Adobe, desde hace un tiempo, está ofreciendo un servicio gratuito llamado <a href="https://browserlab.adobe.com/" target="_blank">Browserlab</a>. Dicho servicio, nos permite visualizar capturas de nuestro sitio web en distintos navegadores, como lo hace la famosa herramienta <a href="http://www.browsershots.org" target="_blank">Browsershots.org</a>.</p>\r\n	<p>En esta nueva versión de Dreamweaver contamos con este servicio totalmente integrado y listo para usar. Incluso nos permite apilar varias capturas de nuestros sitios, desde distintos navegadores, para observar con detalle las diferencias que hay entre los mismos. Esto es muy útil para aquellos que prestamos muchísima atención a los detalles de crossbrowsing.</p>\r\n\r\n<h3>3. Sugerencias de código de clase personalizada de PHP</h3>\r\n	<p>Esta funcionalidad nos hará sentir satisfechos ya que en esta última versión contaremos con un sugeridor de nuestras funciones personalizadas de PHP, lo que nos permite escribir el código de forma más precisa.</p>\r\n\r\n<h3>4. Inspección de CSS</h3>	\r\n	<p>El equipo de Dreamweaver ha añadido una nueva característica que nos permite, hacer clic en un determinado elemento de nuestra página e inmediatamente ver los estilos que tiene aplicados. Si estás familiarizado con el Firebug o con la Web Developer Toolbar, estarás muy contento con esta herramienta ya que podrás inspeccionar tu código desde el mismo IDE.</p>\r\n<br />\r\n<p>El lanzamiento se ha realizado de forma online y sólo aquellos que estaban invitados pudieron presenciarlo. De todos modos, puedes ver <a href="http://cs5launch.adobe.com/" target="_blank">este video</a> de la gran presentación que tuvo el producto sin quedarte afuera.</p>\r\n\r\n<p>¿Tomará el lugar de tu IDE preferido?</p>', 1, '2010-04-13 00:00:00', NULL, NULL, 'adobe, dreamweaver, cs5,  ide,  dreamweaver cs5, adobe cs5', 0),
(5, 1, '6-tutoriales-de-css-para-convertirte-en-un-experto', 'http://www.spaghettiblog.com.ar/img/6css.png', '6 tutoriales de css para convertirte en un experto', 'Hoy en día, CSS es el método más utilizado para implementar sitios web. Convertirte en todo un profesional con estos tutoriales.', '<p>Hoy en día, CSS es el método más utilizado para implementar sitios web. El uso de tablas ya ha quedado en el pasado, a pesar de que todavía puedan encontrarse sitios web que sigan utilizando tablas para su diseño.</p>\r\n\r\n<p>En este artículo voy a mostrarles 6 tutoriales (en inglés) para convertirse en todo un profesional, obteniendo los conocimientos necesarios para escribir código CSS avanzado.</p>\r\n<br/>\r\n<h2>1. Principios básicos de CSS</h2>\r\n<p><img height="109" width="610" title="The Basics of CSS" src="http://img.devmoose.s3.amazonaws.com/articles/basics_of_css.jpg"></p>\r\n<p>Para aprender los conceptos básicos de CSS recomendamos <a href="http://www.w3schools.com/css/css_intro.asp">los tutoriales de w3schools</a>. En dichos tutoriales se explican la sintaxis de CSS y toda la información sobre sus selectores, propiedades y valores. Definitivamente, vale la pena revisarlos ya que son muy ricos de contenido al igual que sus otros tutoriales para  lenguajes como PHP, JavaScript, y mucho más!</p>\r\n<p><strong>Ir a artículo: <a href="http://www.w3schools.com/css/css_intro.asp">CSS Introduction</a></strong></p>\r\n<br />\r\n<h2>2. Domina los conceptos básicos de CSS</h2>\r\n<p>En este artículo, Soh Tanaka explica muy bien cómo funcionan los elementos de CSS más importantes. <a href="http://www.smashingmagazine.com/2009/10/05/mastering-css-coding-getting-started/">Este artículo</a> es perfecto para aquellos que tienen los conceptos básicos de CSS, pero no los entienden el 100%.</p>\r\n<p><img height="265" width="500" src="http://img.devmoose.s3.amazonaws.com/articles/mastering_css_basics.gif" />\r\n<br>\r\n<br>\r\n<strong>Ir a artículo: <a href="http://www.smashingmagazine.com/2009/10/05/mastering-css-coding-getting-started/">Mastering CSS Coding: Getting Started</a></strong></p>\r\n<br />\r\n<h2>3. Crear un diseño desde cero con CSS</h2>\r\n<p>Una vez que hayas logrado dominar los conpetos básicos de CSS, es hora de aprender técnicas un poco más avanzadas. Por eso, te presentamos <a href="http://www.subcide.com/tutorials/csslayout/">este tutorial</a> de Dennis Steve donde nos indica paso a paso cómo utilizar usar correctamente la propiedad float de CSS, para crear un menú de navegación y mucho más.</p>\r\n<p><img height="262" width="610"src="http://img.devmoose.s3.amazonaws.com/articles/css_layout_from_scratch.jpg" /></p>\r\n<p>Si siempre te has preguntado cómo crear un sitio web desde cero con CSS, ¡este es el tutorial para leer!</p>\r\n<p><strong>Ir a artículo: <a href="http://www.subcide.com/tutorials/csslayout/">Creating a CSS layout from scratch</a></strong></p>\r\n<br />\r\n<h2>4. Snippets de CSS para ahorrar tiempo y esfuerzo</h2>\r\n<p><img height="152" width="610" src="http://img.devmoose.s3.amazonaws.com/articles/useful_css_snippets.jpg" /></p>\r\n<p>Esta lista de <a href="http://www.alegsa.com.ar/Dic/snippet.php">snippets</a> de CSS ha sido creada para ahorrarnos tiempo y esfuerzo, ya que este tipo de fragmentos de código que se muestran en este tutorial puede ser muy útiles al implementar un nuevo diseño.</p>\r\n<p><strong>Ir a artículo: <a href="http://www.blogohblog.com/10-css-snippets-to-save-precious-time/">10 CSS Snippets to Save Precious Time</a></strong></p>\r\n<br />\r\n<h2>5. Técnicas avanzadas de CSS</h2>\r\n<p>Si estás interesado en perfeccionar tus habilidades de CSS, es posible que quieras echar un vistazo a <a href="http://net.tutsplus.com/tutorials/html-css-techniques/10-challenging-but-awesome-css-techniques/">esta lista</a> de 10 desafiantes e impresionante técnicas de CSS para agregar algo de sabor a la implementación de tu diseño.</p>\r\n<p><img height="363" width="610" src="http://img.devmoose.s3.amazonaws.com/articles/advanced_css_techniques.jpg" /><br>\r\n<br>\r\n<strong>Ir a artículo: <a href="http://net.tutsplus.com/tutorials/html-css-techniques/10-challenging-but-awesome-css-techniques/">10 Challenging But Awesome CSS Techniques</a></strong></p>\r\n<br />\r\n<h2>6. El futuro de CSS</h2>\r\n<p>El futuro de CSS es CSS3. Desafortunadamente, alrededor del <strong><a href="http://www.w3schools.com/browsers/browsers_stats.asp">25%</a></strong> de los usuarios de internet no pueden ver las nuevas propiedades y atributos que contiene CSS3 debido a que están utilizando navegadores antiguos como Internet Explorer 6 y 7, los cuales no soportan esta nueva versión.</p>\r\n<p>Es hora de introducir elementos de CSS3 en nuestros proyectos y de no tener miedo a incorporar las nuevas propiedades y selectores que proporciona CSS3 en nuestras hojas de estilo. Debemos hacer conscientes a nuestros clientes de las ventajas de CSS3 y dejar de dar soporte a los navegadores antiguos. Está en nuestro poder, sobre todo si significa hacer sitios más flexibles y usables reducciendo los costos de desarrollo y mantenimiento.</p>\r\n<p><img height="205" width="610" src="http://img.devmoose.s3.amazonaws.com/articles/future_of_css.jpg" />\r\n<br>\r\n<br>\r\n<strong>Ir a artículo: <a href="http://www.smashingmagazine.com/2009/06/15/take-your-design-to-the-next-level-with-css3/">Take Your Design To The Next Level With CSS3</a></strong></p>\r\n<br/>\r\n<p>Otros recursos para seguir perfeccionando tus habilidades en CSS</p>\r\n<ul>\r\n    <li><a href="http://smashingmagazine.com/tag/css/">SmashingMagazine</a></li>\r\n    <li><a href="http://css-tricks.com/">CSS-tricks</a></li>\r\n    <li><a href="http://sixrevisions.com/css">Six Revisions</a></li>\r\n    <li><a href="http://noupe.com/css">Noupe</a></li>\r\n    <li><a href="http://www.cssdrive.com/index.php/news/resources-search/567b61df983282ee5af15b2d420d730a/">CSS unidad</a></li>\r\n</ul>\r\n\r\n<p>Fuente: <a href="http://devmoose.com/coding/6-css-tutorials-that-take-you-from-beginner-to-expert">Devmoose</a>.', 1, '2010-04-14 00:00:00', NULL, NULL, 'css, css3, tutoriales', 0),
(6, 1, '9-blogs-que-deberias-serguir-sobre-desarrollo-web', 'http://www.spaghettiblog.com.ar/img/blogsdesa.png', '9 blogs que deberías serguir sobre desarrollo web', 'Recomiendo 9 blogs que para seguir diariamente y estar al día con las ultimas noticias y tutoriales sobre los distintos lenguajes de programación web.', '<h2><a href="http://net.tutsplus.com/" target="_blank">NetTuts</a></h2>\r\n<p>NetTuts, es uno de los sitios que forma parte de la familia de blogs <a href="http://tutsplus.com/" target="_blank">TutsPlus</a> de <a href="http://envato.com/" target="_blank">Envato</a>. En este sitio podrás encontrar una gran variedad de tutoriales muy bien explicados sobre HTML, CSS, Javascript, CMS, PHP y Ruby on Rails, entre otros.</p>\r\n<p><a href="http://net.tutsplus.com/" target="_blank"><img src="http://www.spaghettiblog.com.ar/img/NetTuts.png" alt="Imagen de NetTuts" /></a></p>\r\n<br />\r\n\r\n<h2><a href="http://ajaxian.com/" target="_blank">Ajaxian</a></h2>\r\n<p>Ajaxian es un gran blog que deberías seguir estar al tanto de todas las novedades sobre Ajax.</p>\r\n<p><a href="http://ajaxian.com/" target="_blank"><img src="http://www.spaghettiblog.com.ar/img/Ajaxian.png" alt="Imagen de Ajaxian" /></a></p>\r\n<br />\r\n\r\n<h2><a href="http://cssglobe.com/" target="_blank">CSS Globe</a></h2>\r\n<p>CSS Globe es un blog en el que podemos encontrar las últimas noticias y tutoriales de CSS basandose en los estándares web.</p>\r\n<p><a href="http://cssglobe.com/" target="_blank"><img src="http://www.spaghettiblog.com.ar/img/CSSGlobe.png" alt="Imagen de CSS Globe"/></a></p>\r\n<br />\r\n\r\n<h2><a href="http://sixrevisions.com/" target="_blank">Six Revisions</a></h2>\r\n<p>Six Revisions es un blog que posee una mezcla perfecta entre contenido de desarrollo y diseño web.</p>\r\n<p><a href="http://sixrevisions.com/" target="_blank"><img src="http://www.spaghettiblog.com.ar/img/SixRevisions.png" alt="Imagen de Six Revisions" /></a></p>\r\n<br />\r\n\r\n<h2><a href="http://snook.ca/" target="_blank">Snook</a></h2>\r\n<p>El blog Jonathan Snook se centra en el desarrollo web, diseño y freelance.</p>\r\n<p><a href="http://snook.ca/" target="_blank"><img src="http://www.spaghettiblog.com.ar/img/Snook.png"alt="Imagen de Snook"  /></a></p>\r\n<br />\r\n\r\n<h2><a href="http://www.viget.com/extend" target="_blank">Viget - Extend</a></h2>\r\n<p>Extend es uno de los blogs de la familia de <a href="http://www.viget.com/" target="_blank">Viget</a> basado en desarrollo web.</p>\r\n<p><a href="http://www.viget.com/extend" target="_blank"><img src="http://www.spaghettiblog.com.ar/img/VigetExtend.png" alt="Imagen de Viget - Extend"/></a></p>\r\n<br />\r\n\r\n<h2><a href="http://www.456bereastreet.com/" target="_blank">456 Berea St</a></h2>\r\n<p>456 Berea St está escrito por Roger Johansson, un gran profesional sueco. El contenido se compone principalmente de artículos sobre estándares web, accesibilidad, o usabilidad.</p>\r\n<p><a href="http://www.456bereastreet.com/" target="_blank"><img src="http://www.spaghettiblog.com.ar/img/456BereaSt.png" alt="Imagen de 456 Berea St"/></a></p>\r\n<br />\r\n\r\n<h2><a href="http://woorkup.com/" target="_blank">Woork</a></h2>\r\n<p>Antonio Lupetti es el desarrollador del sitio Woork. El blog contiene artículos sobre las aplicaciones web, programación y recursos para diseñadores web. Pero también está lleno de tutoriales sobre PHP, ColdFusion, MySQL, JavaScript, Ajax y CSS.</p>\r\n<p><a href="http://woorkup.com/" target="_blank"><img src="http://www.spaghettiblog.com.ar/img/Woork.png"alt="Imagen de Woork"  /></a></p>\r\n<br />\r\n\r\n<h2><a href="http://stylegrind.com/" target="_blank">Style Grind</a></h2>\r\n<p>StyleGrind es un gran blog que está lleno de grandes consejos y tutoriales sobre jQuery, Ajax, CSS, y mucho más.</p>\r\n<p><a href="http://stylegrind.com/" target="_blank"><img src="http://www.spaghettiblog.com.ar/img/StyleGrind.png" alt="Imagen de StyleGrind" /></a></p>', 1, '2010-04-15 00:00:00', NULL, NULL, 'tutoriales, blogs, desarrollo web, html, css, php, sql, javascripr', 0),
(7, 2, 'aerosql-administrador-de-mysql-online', 'http://www.spaghettiblog.com.ar/img/post/aerosql.png', 'AeroSQL: Administrador de MySQL online', 'Una aplicación online gratuita que te ayudará a gestionar bases de datos MySQL a través de un entorno web.', '<p><a href="http://www.burlaca.com/aerosql/">AeroSQL</a> es una aplicación web gratuita y de código abierto, para gestionar bases de datos MySQL a través de un entorno web. Ofrece la posibilidad de gestionar bases de datos de distintos servidores en la misma sesión. La aplicación esta escrita en PHP y usa <a href="http://www.extjs.com/" target="_blank">ExtJS</a>.</p>\r\n\r\n<p>La característica principal del producto es una gestión intuitiva y muy similar a productos comerciales de escritorio. El resultado de las consultas se muestra en una grid editable: puedes actualizar las celdas y guardar los cambios.</p>\r\n\r\n<p>Otras características:</p>\r\n<ul>\r\n    <li>Administración de múltiples servidores.</li>\r\n    <li>Consultas En vivo (Live Queries): si se realiza un SELECT en una sola tabla y el resultado contiene un índice único, AeroSQL te permitirá actualizar el conjunto de resultados, es decir, el resultado no es de sólo lectura.</li>\r\n    <li>SQL Monitor: ver todos los comandos SQL emitidas por el script del lado del servidor.</li>\r\n    <li>Multi ejecución de consultas: puede ejecutar un lote de consultas SQL delimitadas por un punto y coma.</li>\r\n    <li>Corregir el manejo de valores NULL.</li>\r\n    <li>El usuario puede seleccionar qué columnas se muestran al editar una tabla de base de datos. Esto hace que la posterior navegación a través de filas de la tabla sólo se realizará a través de las columnas visibles, lo que reduce el tráfico de red.</li>\r\n    <li>Las columnas de tipo TEXT se pueden editar en una ventana diferente co un textarea y un editor WYSIWYG de HTML.</li>\r\n</ul>\r\n\r\n<h4>Capturas:</h4>\r\n<p><img src="http://www.spaghettiblog.com.ar/img/post/aresql1.png" alt="Captura de aerosql"/></p>\r\n<br/>\r\n<p><img src="http://www.spaghettiblog.com.ar/img/post/aerosql2.png" alt="Segunda captura de aerosql"/></p>\r\n\r\n<br/>\r\n<h4>Video:</h4>\r\n<div><object height="385" width="640" type="application/x-shockwave-flash" data="http://www.youtube.com/v/2O_QwsFVLTY&amp;hl=en&amp;fs=1&amp;rel=0"><param value="true" name="allowFullScreen"><param value="always" name="allowscriptaccess"><param value="http://www.youtube.com/v/2O_QwsFVLTY&amp;hl=en&amp;fs=1&amp;rel=0" name="src"><param value="true" name="allowfullscreen"></object></div>\r\n\r\n\r\n<p>Fuente: <a href="http://www.webintenta.com/AeroSQL-Administrador-de-MySQL-en-web.html">Webintenta</a></p>', 1, '2010-04-16 00:00:00', NULL, NULL, 'SQL, MySQL, base de datos', 0),
(8, 1, 'hojas-de-reset-css-que-son-para-que-sirven', 'http://www.spaghettiblog.com.ar/img/post/reset.jpg', 'Hojas de Reset CSS: ¿qué son? ¿para qué sirven?', 'Seguramente alguna vez has escuchado o leído algo sobre las hojas de Reset CSS, ¿para qué sirven?.', '<h3>¿Qué son y para qué sriven?</h3>\r\n<p>Cada navegador posee por defecto, para todas las etiquetas de HTML, estilos y atributos de CSS predeterminados. A continuación podremos ver como al escirbir un documento HTML el navegador aplica sus propios estilos:<p>\r\n<p><img src="http://www.spaghettiblog.com.ar/img/post/sinReset.jpg" alt="HTML con los estilos del navegador"/></p>\r\n<p>Muchas veces estos estilos y atributos predeterminados pueden ser los culpables de que a la hora de maquetar no consigamos una\r\ncorrecta compatibilidad de nuestro diseño entre los distintos navegadores ya que cada uno utiliza su propia hoja de estilos.</p>\r\n\r\n<p>Por tal motivo, el objetivo que tienen estas hojas de estilo es reducir inconsistencias en cuanto a las líneas, márgenes, tamaño de fuente de los titulares que vienen por defecto, entre otras; logrando que la mayoría de las propiedades quedan con los mismos valores, por defecto, para todos los navegadores.</p>\r\n\r\n<p>Por supuesto, que esto no va a hacer que si maquetamos para el navegador X, se vea todo correcto en el navegador Y, pero si nos aseguramos que el punto de partida sea igual para ambos.</p>\r\n\r\n<p>Para realizar una hoja de reset, solamente, debemos tener en cuenta que etiquetas deseamos resetear para definirles propiedades y valores por defecto.</p>\r\n\r\n<h4>Ejemplo de hoja de reset:</h4>\r\n<pre>\r\nhtml, body, div, span, applet, object, iframe,\r\nh1, h2, h3, h4, h5, h6, p, blockquote, pre,\r\na, abbr, acronym, address, big, cite, code,\r\ndel, dfn, em, font, img, ins, kbd, q, s, samp,\r\nsmall, strike, strong, sub, sup, tt, var,\r\nb, u, i, center,\r\ndl, dt, dd, ol, ul, li,\r\nfieldset, form, label, legend,\r\ntable, caption, tbody, tfoot, thead, tr, th, td\r\n{\r\n	margin: 0;\r\n	padding: 0;\r\n	border: 0;\r\n	outline: 0;\r\n	vertical-align: baseline;\r\n	background: transparent;\r\n}\r\n\r\nbody\r\n{\r\n	line-height: 1;\r\n	font:0.75em/1.7em Arial, Helvetica, sans-serif;\r\n	\r\n}\r\n\r\nol, ul\r\n{\r\n	list-style: none;\r\n}\r\n\r\nblockquote, q\r\n{\r\n	quotes: none;\r\n}\r\n\r\nblockquote:before, blockquote:after,\r\nq:before, q:after\r\n{\r\n	content: '''';\r\n	content: none;\r\n}\r\n\r\n:focus\r\n{\r\n	outline: 0;\r\n}\r\n\r\ntable\r\n{\r\n	border-collapse: collapse;\r\n	border-spacing: 0;\r\n}\r\n</pre>\r\n\r\n\r\n<h3>¿Cómo las utilizo?</h3>\r\n<p>Una vez que hemos terminado de armar nuestra hoja de reset, lo que debemos hacer es incluirla a nuestro archivo HTML, o bien,\r\nimportarla dentro de la hoja de estilos que usaremos para maquetar nuestro diseño.</p>\r\n\r\n<h4>Desde el HTML:</h4>\r\n<pre>&lt;link href="reset.css" rel="stylesheet" type="text/css" media="screen" /&gt;</pre>\r\n\r\n\r\n<h4>Desde la hoja de estilos:</h4>\r\n<pre>\r\n@import url("reset.css");\r\n\r\nbody\r\n{\r\n	background-color: #333333;\r\n}\r\n\r\nhr\r\n{\r\n	clear:both;\r\n	visibility: hidden;\r\n}\r\n\r\na\r\n{\r\n	color: #3151A2;\r\n}\r\n\r\na:visited\r\n{\r\n	color: #551A8B;\r\n}\r\n\r\n.hide\r\n{\r\n	display: none;\r\n}\r\n\r\ndiv#headerWrap\r\n{\r\n	border-color: #C82E26;\r\n	border-style: solid;\r\n	border-width: 2px 0 0;\r\n	height: 160px;\r\n}</pre>	\r\n\r\n<p>Luego de incluir nuestra hoja de reset en nuestro archivo podremos ver como los estilos y atributos de CSS predeterminados de los navegadores\r\nque tenían las etiquetas html ya no se aplican.</p>\r\n<p><img src="http://www.spaghettiblog.com.ar/img/post/conReset.jpg" alt="HTML aplicando hojas de reset"/></p>\r\n\r\n<p>Ya estaríamos en condiciones de comenzar a maquetar nuestro diseño teniendo en cuenta las inconsistencias entre los navegadores,\r\ny así invertir menos tiempo en tratar de corregir aquellos errores que pueden causar estas diferencias.</p>\r\n\r\n<p>El primer Reset CSS fue publicado por <a href="http://developer.yahoo.com/yui/">Yahoo! UI Library</a>, pero un poco más tarde <a href="http://meyerweb.com/">Eric Meyer</a>, considerado el Gurú de CSS, dió a conocer <a href="http://meyerweb.com/eric/thoughts/2007/04/14/reworked-reset/">su versión</a> la cual es muy utilizada.</p>\r\n\r\n<p>Yo uso la hoja de reset de Eric Meyer y me va bastante bien.</p>', 1, '2010-04-18 00:00:00', NULL, NULL, 'css, reset, hojas de reseteo, incopatibilidad', 0),
(9, 1, '16-templates-y-frameworks-de-css3-y-html5 ', 'http://www.spaghettiblog.com.ar/img/post/HTML5CSS3.jpg', '16 templates y frameworks de CSS3 y HTML5', 'CSS3 y HTML5 son el futuro del diseño web y la mayoría de los navegadores ya le están dando soporte. A continuación, les dejo una colección de 16 templates y frameworks basados en estás dos nuevos lenguajes.', '<h3><a href="http://html5template.com/free/html-5-basic-template.html">HTML5 Basic Template Pack</a></h3>\r\n<p>Este template se ha creado basandose en uno de los tutoriales realizados por <a href="http://www.smashingmagazine">Smashing Magazine</a> sobre HTML 5, cambiando algunos aspecto del diseño y CSS. Se puede elegir entre 4 colores (verde, azul, violeta y naranja) y todos son muy fáciles de modificar.</p>\r\n<p><a href="http://html5template.com/free/html-5-basic-template.html"><img alt="HTML5 Basic Template Pack" src="http://www.spaghettiblog.com.ar/img/post/html5template.jpg" /></a></p>\r\n<p><a href="http://html5template.com/free/html-5-basic-template.html">Más información</a></p>\r\n<br />\r\n<h3><a href="http://ramblingsoul.com/downloads/">RamblingSoul 19 CSS3 Template</a></h3>\r\n<p><a href="http://ramblingsoul.com/downloads/"><img alt="RamblingSoul 19 CSS3 Template" src="http://www.spaghettiblog.com.ar/img/post/ramblingsoul.jpg" /></a></p>\r\n<p><a href="http://ramblingsoul.com/downloads/">Más información</a></p>\r\n<p><a href="http://ramblingsoul.com/preview/rs19/">Ver demo</a></p>\r\n<br />\r\n<h3><a href="http://freehtml5templates.com/cherry-blossoms-html5-and-css3-template/">Cherry Blossoms HTML5 &amp; CSS3</a></h3>\r\n<p><a href="http://freehtml5templates.com/cherry-blossoms-html5-and-css3-template/"><img alt="Cherry Blossoms HTML5 &amp; CSS3" src="http://www.spaghettiblog.com.ar/img/post/CherryBlossoms.jpg" /></a></p>\r\n<p><a href="http://freehtml5templates.com/cherry-blossoms-html5-and-css3-template/">Más información</a></p>\r\n<p><a href="http://freehtml5templates.com/downloads/free/cherryblossoms/">Ver demo</a></p>\r\n<br />\r\n<h3><a href="http://www.webdezign.co.uk/blog/design-blog/free-html5-template/#starthere">Ampersand HTML5</a></h3>\r\n<p>Puedes elegir cualquiera de las dos versiones, de 2 o 3 columnas de este template de HTML5.</p>\r\n<p><a href="http://www.webdezign.co.uk/blog/design-blog/free-html5-template/#starthere">Más información</a></p>\r\n<p><a href="http://www.webdezign.co.uk/blog/html5-examples/2col/">Demo de 2 Columnas</a></p>\r\n<p><a href="http://www.webdezign.co.uk/blog/html5-examples/3col/">Demo de 3 columnas</a></p>\r\n<p><a href="http://www.webdezign.co.uk/blog/design-blog/free-html5-template/#starthere"><img alt="Ampersand HTML5" src="http://www.spaghettiblog.com.ar/img/post/Apersand.jpg" /></a></p>\r\n<br />\r\n<h3><a href="http://inspectelement.com/tutorials/code-a-backwards-compatible-one-page-portfolio-with-html5-and-css3/">Backwards Compatible, One Page Portfolio (Template and Tutorial)</a></h3>\r\n<p><a href="http://inspectelement.com/tutorials/code-a-backwards-compatible-one-page-portfolio-with-html5-and-css3/"><img alt="" src="http://www.spaghettiblog.com.ar/img/post/Backwards.jpg" /></a></p>\r\n<p><a href="http://inspectelement.com/tutorials/code-a-backwards-compatible-one-page-portfolio-with-html5-and-css3/">Más información</a></p>\r\n<p><a href="http://inspectelement.com/html5portfolio/">Ver demo</a></p>\r\n<br />\r\n<h3><a href="http://allcreatives.net/2009/08/23/template-css-3-inspired-nearly-circular/">Nearly Circular CSS3</a></h3>\r\n<p>En este temaplate podemos observar lo que podemos hacer con CSS3, sobre todo con los border redondeados y el uso de @font-face.<br />Solamente es compatible con Firefox 3.5+ y Safari 4+, en los demas navegadores veremos un agradable diseño pero cuadrado.</p>\r\n<p><a href="http://allcreatives.net/2009/08/23/template-css-3-inspired-nearly-circular/"><img alt="Nearly Circular CSS3" src="http://www.spaghettiblog.com.ar/img/post/Nearly.jpg" /></a></p>\r\n<p><a href="http://allcreatives.net/2009/08/23/template-css-3-inspired-nearly-circular/">Más información</a></p>\r\n<br />\r\n<h3><a href="http://freehtml5templates.com/zoocroo-html5-and-css3-template-with-animation/">ZooCroo HTML5 &amp; CSS3</a></h3>\r\n<p>ZooCroo es un template colorido y divertido que utiliza HTML5 y CSS3. Contiane algunas imagenes animadas utilizando propiedades de CSS3.</p>\r\n<p><a href="http://freehtml5templates.com/zoocroo-html5-and-css3-template-with-animation/"><img alt="ZooCroo HTML5 &amp; CSS3" src="http://www.spaghettiblog.com.ar/img/post/Zoocroo.jpg" /></a></p>\r\n<p><a href="http://freehtml5templates.com/zoocroo-html5-and-css3-template-with-animation/">Más información</a></p>\r\n<p><a href="http://freehtml5templates.com/downloads/free/zoocroo/">Ver demo</a></p>\r\n<br />\r\n<h3><a href="http://net.tutsplus.com/tutorials/html-css-techniques/html-5-and-css-3-the-techniques-youll-soon-be-using/">Tutorial y template de HTML5 y CSS3 - Flower Blog</a></h3>\r\n<p>En este tutorial podremos descargar los archivos para ver como podremos construir un sitio utilizando la nueva generación de HTML 5 y CSS3.</p>\r\n<p><a href="http://net.tutsplus.com/tutorials/html-css-techniques/html-5-and-css-3-the-techniques-youll-soon-be-using/"><img alt="Tutorial y template de HTML5 y CSS3 - Flower Blog" src="http://www.spaghettiblog.com.ar/img/post/Flowerblog.jpg" /></a></p>\r\n<p><a href="http://net.tutsplus.com/tutorials/html-css-techniques/html-5-and-css-3-the-techniques-youll-soon-be-using/">Más información</a></p>\r\n<p><a href="http://nettuts.akamai.tutsplus.com/373_html5/final/index.html">Ver demo</a></p>\r\n<br />\r\n<h3><a href="http://freehtml5templates.com/rockit-html5-and-css3-template/">Rockit HTML5 &amp; CSS3</a></h3>\r\n<p>Rockit es un template de 2 columnas el cual utiliza propiedades de CSS3 para crear un efecto de rotación en su galeria de imagenes.</p>\r\n<p><a href="http://freehtml5templates.com/rockit-html5-and-css3-template/"><img alt="Rockit HTML5 &amp; CSS3" src="http://www.spaghettiblog.com.ar/img/post/Rockit.jpg" /></a></p>\r\n<p><a href="http://freehtml5templates.com/rockit-html5-and-css3-template/">Más información</a></p>\r\n<p><a href="http://freehtml5templates.com/downloads/free/rockit/">Ver demo</a></p>\r\n<br />\r\n<h3><a href="http://www.cardeo.ca/2009/cardeo-three-css3-website-template">Cardeo Three CSS3</a></h3>\r\n<p>Cardeo Three es un template que nos muestra como armar un sitio de 3 columnas utilizando CSS3: Border redondeados, Fuente personalizada y con sombra.</p>\r\n<p><a href="http://www.cardeo.ca/2009/cardeo-three-css3-website-template"><img alt="Cardeo Three CSS3" src="http://www.spaghettiblog.com.ar/img/post/Cardeo.jpg" /></a></p>\r\n<p><a href="http://www.cardeo.ca/2009/cardeo-three-css3-website-template">Más información</a></p>\r\n<p><a href="http://www.cardeo.ca/cardeo-templates/cardeo-three/">Ver demo</a></p>\r\n<br />\r\n<h3><a href="http://freehtml5templates.com/beachvaycay-html5-and-css3-template/">Beach Vaycay</a></h3>\r\n<p>En este template podremos observar el poder de CSS3 para realizar fondos con degrade, sin utilizar imagenes. En aquellos navegadores donde no se soporte esta propiedad veremos un fondo de un sólo color.</p>\r\n<p><a href="http://freehtml5templates.com/beachvaycay-html5-and-css3-template/"><img alt="Beach Vaycay" src="http://www.spaghettiblog.com.ar/img/post/Beachvaycay.jpg" /></a></p>\r\n<p><a href="http://freehtml5templates.com/beachvaycay-html5-and-css3-template/">Más información</a></p>\r\n<p><a href="http://freehtml5templates.com/downloads/free/beachvaycay/">Ver demo</a></p>\r\n<br />\r\n<h3><a href="http://freehtml5templates.com/papery-html5-and-css3-template-using-font-face/">Papery HTML5 &amp; CSS3</a></h3>\r\n<p>Papery es un template que nos demuestra el poder de CSS3 para utilizar cualquier tipografía en la web, todo gracias a la propiedad font-face.</p>\r\n<p><a href="http://freehtml5templates.com/papery-html5-and-css3-template-using-font-face/"><img alt="Papery HTML5 &amp; CSS3" src="http://www.spaghettiblog.com.ar/img/post/Papery.jpg" /></a></p>\r\n<p><a href="http://freehtml5templates.com/papery-html5-and-css3-template-using-font-face/">Más información</a></p>\r\n<br />\r\n<h3><a href="http://tutorialzine.com/2010/02/free-xhtml-css3-website-template/">One-Page Template XHTML &amp; CSS3</a></h3>\r\n<p>Este es un template gratuito implementado solamente en XHTML y CSS3. Es compatible con todas la versiones de los navegadores y utiliza algunos efecto jQuery. Es ideal para cuando necesitas algo y rápido.</p>\r\n<p><a href="http://tutorialzine.com/2010/02/free-xhtml-css3-website-template/"><img alt="One-Page Template XHTML &amp; CSS3" src="http://www.spaghettiblog.com.ar/img/post/Onepage.jpg" /></a></p>\r\n<p><a href="http://tutorialzine.com/2010/02/free-xhtml-css3-website-template/">Más información</a></p>\r\n<p><a  href="http://demo.tutorialzine.com/freebies/free-xhtml-css3-website-template/template.html">Ver demo</a></p>\r\n<br />\r\n<h3><a href="http://freehtml5templates.com/newsy-multiple-column-html5-and-css3-template/">Newsy Multiple Column HTML5 &amp; CSS3</a></h3>\r\n<p>Newsy es un template de revista o diario online implementado con las propiedades que ofrece CSS3 para multiples columnas. IE no reconoce esta propiedad por lo que los artículos se veran en una sola columna, por lo que los usuarios de este navegador no lo veran roto.</p>\r\n<p><a href="http://freehtml5templates.com/newsy-multiple-column-html5-and-css3-template/"><img alt="Newsy Multiple Column HTML5 &amp; CSS3" src="http://www.spaghettiblog.com.ar/img/post/Newsy.jpg" /></a></p>\r\n<p><a href="http://freehtml5templates.com/newsy-multiple-column-html5-and-css3-template/">Más información</a></p>\r\n<p><a href="http://freehtml5templates.com/downloads/free/newsy/">Ver demo</a></p>\r\n<br />\r\n<h3><a href="http://lessframework.com/">Less Framework</a></h3>\r\n<p>Less Framework es un framework que nos permite construir layouts de multiples columnas utilizando solametne HTML5 y CSS3. Este frameworks funciona perfectametne en Chrome, Safari 3.0+, Firefox 3.0+, Opera 10+ e Internet Explorer 7+. Además, en resoluciones pequeñas todo su contenido lo podremos ver en una sola columna.</p>\r\n<p><a href="http://lessframework.com/"><img alt="Less Framework" src="http://www.spaghettiblog.com.ar/img/post/Lessframework.jpg" /></a></p>\r\n<p><a href="http://lessframework.com/">Más información y descargas</a></p>\r\n<br />\r\n\r\n<h3><a href="http://52framework.com/">52Framework</a></h3>\r\n<p>52framework es un novedoso framework de CSS que ha sido contruido con HTML5 y CSS3. Este es soportado por todos los navegadores modernos.<br />Estas son algunas de sus funcionalidades:</p>\r\n<p><a href="http://52framework.com/"><img alt="52Framework" src="http://www.spaghettiblog.com.ar/img/post/52framework.jpg" /></a></p>\r\n<h4>HTML5</h4>\r\n<ul>\r\n	<li>Uso de todos los nuevos tags que posee HTML5: header, nav, section, article, footer, y muchos más.</li>\r\n	<li>Uso del nuevo &lt;!DOCTYPE html&gt; and &lt;html lang="en"&gt;</li>\r\n	<li>Nuevos tipos de inputs: url, email, etc</li>\r\n	<li>Script embebido (javascript) solo con el tag script sin indicar su tipo</li>\r\n	<li><a href="http://www.spaghettiblog.com.ar/articulos/">Hoja de reset</a> para HTML5</li>\r\n</ul>\r\n\r\n<h4>CSS3</h4>\r\n<ul>\r\n	<li>Nuevos selectores para personalizar los textos seleccionados</li>\r\n	<li>Border-radius en elementos de bloque</li>\r\n	<li>Text-shadow para los elementos de texto</li>\r\n	<li>Box-shadow para elementos de bloque</li>\r\n</ul>\r\n<p><a href="http://52framework.com/">Más información y descargas</a></p>\r\n<p><a href="http://demo.52framework.com/">Ver demo</a></p>', 1, '2010-04-18 00:00:00', NULL, NULL, 'css, css3, html, html5, framework, template', 0),
(10, 2, 'video-en-wikipedia-como-puedes-colaborar', 'http://www.spaghettiblog.com.ar/img/post/wikivideo.jpg', 'Vídeo en Wikipedia, ¿cómo puedes colaborar?', 'wikipedia permitirá agregar vídeo a su contenido, averigua cómo.', '<p>El vídeo como recurso audiovisual fortalecerá el contenido existente en texto e imágenes, convirtiéndolo en un poderoso hipermedio que podrá ser aprovechado por los millones de usuarios del presente y futuro que navegan constantemente en la red buscando fuentes de información y conocimiento.</p>\r\n\r\n<p>Esta iniciativa es producto de los esfuerzos en tecnología desarrollada por <a href="http://www.kaltura.org/"><span>Kaltura</span></a> como plataforma de vídeo utilizando<a href="http://www.html5video.org/">HTML5 </a> como estándar, y <a href="http://www.mirovideoconverter.com/"><span>Miro</span></a> el codificador a formato <a href="http://es.wikipedia.org/wiki/Theora">Theora-OGG</a> que es el códec <em>Open Source</em> oficial para vídeo en Wikipedia.</p>\r\n\r\n<p>Para promocionar el proyecto, The Open Video Alliance (OVA) lanza el sitio de difusión <a href="http://es.wikipedia.org/wiki/Ogg_Theora">videoonwikipedia.org</a> con el objetivo de informar y presentar la <a href="http://videos.videoonwikipedia.org/">galería de vídeos</a> ya publicados con esta tecnología.</p>\r\n\r\n<h3>Un poco de historia: WikiMedia, Kaltura y The Open Video Alliance</h3>\r\n\r\n<p>En el 2008 <strong>WikiMedia</strong> y <strong>Kaltura</strong> <a href="http://www.reelseo.com/wikipedia-ads-online-video-kaltura/" title="lanzaron">lanzan</a> el proyecto  <strong><a href="http://wikieducator.org/Help:Collaborative_video" title="Wikieducator Collaborative Video">Wikieducator Collaborative Video</a></strong>, una plataforma basada en Flash, que permite subir vídeo e incluso <a href="http://wikieducator.org/Collaborative_Video_-_Help_and_Sandbox" title="editar vídeo">editarlo</a> en línea.</p>\r\n\r\n<p>Con este desarrollo en prueba, la explosión comercial de dispositivos de consumo masivo para grabar vídeo digital y el reto constante en términos de derechos de autor sobre material audiovisual, surge el <a href="http://openvideoalliance.org/about/?l=es" title="Open Video Alliance">Open Video Alliance</a> conformado por varias organizaciones como <strong>Participatory Culture Foundation</strong><span style="font-family: arial,helvetica,sans-serif;"><span style="color: rgb(51, 51, 51);"><strong> (</strong></span></span><strong>PFC)</strong>, <strong>Kaltura</strong>, <strong>Mozilla</strong>, <strong>Information Society Project</strong> de la Universidad de Yale cuya finalidad es abrir un espacio de información y colaboración para crear, compartir y re-mezclar vídeo.</p>\r\n\r\n\r\n<h3>¿Qué necesitas para subir vídeo y colaborar con Wikipedia?</h3>\r\n\r\n<p>Puedes producir tu propio material y subirlo a Wikipedia <strong>siempre y cuando sea un vídeo que aporte al contenido de la enciclopedia</strong>, o bien, integrarte a alguno de los proyectos de vídeo en <a href="http://en.wikipedia.org/wiki/Wikipedia:Lights_Camera_Wiki">WikiProject</a>.</p>\r\n\r\n<p>Después de leer las páginas de información, <a href="http://en.wikipedia.org/wiki/Wikipedia:Videos#Tour-type_videos">lineamientos generales</a> y hacer pruebas de publicación, te comparto los requisitos y pasos que debes tomar en cuenta para subir tus vídeos:</p>\r\n\r\n<ul>\r\n	<li><strong>Debes tener una cuenta en Wikipedia</strong>: el proceso de registro es realmente sencillo, creas tu usuario/password y proporcionas tu correo electrónico.</li>\r\n	<li><strong>El material puede ser creado por tí o producir un trabajo derivado: </strong>tu contenido audiovisual puede llevar imágenes en movimiento, créditos, audio y/o fotografías. Si tu vídeo es una edición de otro material que ya existe, debes verificar que tenga su respectiva licencia y autorización</li>\r\n	<li><strong>Duración:</strong> de 3 a 5 minutos</li>\r\n	<li><strong>Software de edición de vídeo:</strong> puedes usar el programa que gustes</li>\r\n	<li><strong>Tamaño del formato de vídeo:</strong> 320 x 240 píxeles</li>\r\n	<li><strong>Tamaño del archivo</strong>: 100MB máximo</li>\r\n</ul>\r\n\r\n<h3>Pasos a seguir:</h3>\r\n<p>1. Tu vídeo final a publicar debe estar codificado en formato <strong>Theora/OGG. </strong>Para codificarlo puedes usar <a href="http://www.mirovideoconverter.com/">Miro Video Converter</a> un software gratuito que descargas en tu computadora o agregando el <em>Add-On</em> <a href="http://firefogg.org/">Firefogg</a> a tu navegador <strong>Firefox</strong> (a partir de la versión 3.5) y convertirlo desde ahí.<br>\r\n<img alt="miro" src="http://www.spaghettiblog.com.ar/img/post/miro.png"></p>\r\n\r\n<p>2. Cuando tengas listo el archivo, debes cargarlo en la página <a href="http://commons.wikimedia.org">Wikimedia Commons</a> y llenar un formulario con la información del archivo, así como el tipo de licencia con la que le permitirás a otros usuarios, utilizar este contenido.</p>\r\n<p><img alt="licencias" src="http://www.spaghettiblog.com.ar/img/post/licencias.png"></p>\r\n\r\n<p>3. Para pegarlo en un artículo de Wikipedia, debes hacerlo siguiendo las <a href="http://en.wikipedia.org/wiki/Wikipedia:Creation_and_usage_of_media_files#Video_usage">reglas establecidas</a>, o directamente desde el gadget que encuentras en la barra del <a href="http://en.wikipedia.org/wiki/Wikipedia:Enable_the_Add_Media_Wizard?withJS=MediaWiki:MwEmbed.js">editor del wiki</a>.<br>\r\n<img alt="eiffel" src="http://www.spaghettiblog.com.ar/img/post/eiffel1.png"></p>\r\n\r\n<h3>Conclusiones:</h3>\r\n<p>Definitivamente la inclusión de vídeo a Wikipedia dará un valor agregado a su contenido hipertextual. Otra de las ventajas es que el material producido estará regido con licencias<a href="http://www.reelseo.com/wikipedia-ads-online-video-kaltura/" title="Creative Commons" id="eq8b">Creative Commons</a> que ampliará las posibilidades para compartir y crear nuevos contenidos.</p>\r\n<p>Dentro de los retos más importantes de este proyecto como plataforma para vídeo será mantener un estándar capaz de servir diferentes velocidades de conexión y atender la demanda de visualización de los vídeos. En una <a href="http://www.beet.tv/2009/07/video-on-wikipedia-get-ready-its-about-to-happen.html">entrevista </a>realizada por <a href="http://www.beet.tv/">Beet.tv</a> a Erik Möller, director adjunto de Wikimedia Commons, comenta que ya se encuentran buscando una compañía especializada en CDN (<em>Content Delivery Network</em>) para que puedan apoyarlos y optimizar el servicio.</p>\r\n<p>Para crear contenido en Wikipedia, es necesario regirse por lineamientos, parámetros de redacción y formato de texto. Para garantizar la calidad del contenido, muchos revisores se encargan de corregir o borrar la información que no cumple con los mismos. Esta rigurosidad mantiene la calidad de la información en la medida de sus posiblidades. Ahora con el vídeo será interesante ver de qué forma se harán estas correcciones, tomando en cuenta que al día de hoy editar vídeo lleva un grado de complejidad más alto en comparación con el texto.</p>\r\n<p>Fuente: <a href="http://www.maestrosdelweb.com/editorial/video-wikipedia-como-colaborar/">Maestros del Web</a></p>', 1, '2010-04-19 00:00:00', NULL, NULL, 'wikipedia', 0),
(11, 1, 'para-que-sirve-facebook-todavia-no-lo-sabes', 'http://www.spaghettiblog.com.ar/img/post/facevid.jpg', '¿Para qué sirve Facebook? Todavía no lo sabes...', 'En el fondo todos hemos realizado esta pregunta. Si aún no tienes la respuesta mira este vídeo para.', '<p>Navegando por <a href="http://www.youtube.com">Youtube</a> he encontrado este vídeo que explica de una forma un tanto irónica para qué sirve Facebook. Espero que lo disfruten al igual que yo.</p>\r\n<p><object width="640" height="385"><param name="movie" value="http://www.youtube.com/v/kFKHaFJzUb4&amp;hl=es_ES&amp;fs=1"></param><param name="allowFullScreen" value="true"></param><param name="allowscriptaccess" value="always"></param><embed src="http://www.youtube.com/v/kFKHaFJzUb4&amp;hl=es_ES&amp;fs=1" type="application/x-shockwave-flash" allowscriptaccess="always" allowfullscreen="true" width="640" height="385"></embed></object></p>', 1, '2010-07-11 00:00:00', NULL, NULL, 'facebook, irónico, video', 0),
(12, 2, 'facebook-le-dice-adios-a-su-tienda-de-regalos', 'http://www.spaghettiblog.com.ar/img/post/faceB.jpg', 'Facebook le dice adiós a su tienda de regalos.', 'La red social anunció su decisión de cerrar su tienda de regalos virtuales desde el 1 de agosto.', '<p>La red social anunció su decisión de cerrar su tienda de regalos virtuales desde el 1 de agosto, <strong>aunque el servicios se mantendrá a través de compañías externas como Birthday Cards o Hallmark Social Calendar</strong>.</p>\r\n\r\n<p>Jared Morgenstern, director de productos de la empresa, <strong>señaló que el sitio web enfocará desde ahora sus esfuerzos en desarrollar otros productos y aplicaciones más populares, como fotos, juegos, comentarios, el muro o el botón de "Me gusta"</strong>.</p>\r\n\r\n<p>Facebook tiene en cuenta que esta decisión puede decepcionar a muchos usuarios, sin embargo tomaron la decisión "tras pensar detalladamente sobre dónde debemos enfocar nuestros esfuerzos", indicó Morgenstern.</p>\r\n\r\n<p>El ejecutivo aclaró, además, que los usuarios podrán revisar los presentes que ya hayan recibido o enviado, pues estos no desaparecerán del sistema.</p>\r\n\r\n<p>Fuente: <a href="http://www.infobae.com/tecnolog%C3%ADa/525656-100918-0-Facebook-le-dice-adi%C3%B3s-a-su-tienda-de-regalos">Infobae.com</a></p>', 1, '2010-07-12 00:00:00', NULL, NULL, 'facebook, tienda, regalos virtuales', 0);
INSERT INTO `posts` (`post_id`, `post_categ`, `post_url`, `post_img`, `post_title`, `post_intro`, `post_body`, `post_enabled`, `post_up`, `post_down`, `post_change`, `post_tag`, `post_visits`) VALUES
(13, 2, 'html5-vs-flash-youtube-da-a-conocer-su-veredicto', 'http://www.spaghettiblog.com.ar/img/post/youtube.jpg', '¿HTML5 vs Flash? YouTube da a conocer su veredicto', 'YouTube explica los motivos por los cuales pone a una de estas tecnologías sobre la otra. ', '<p title="0 comentarios" class="cantComentPost"><small>0 <span class="oculto">comentarios</span></small></p>\r\n<p>En el <a href="http://apiblog.youtube.com/2010/06/flash-and-html5-tag.html">blog de desarrolladores</a> de YouTube, se citan ejemplos donde demuestran que Flash, por ahora, le está "ganando la batalla" a HTML5.</p>\r\n\r\n<p>De todos modos, YouTube ofrece una <a href="http://www.youtube.com/html5">versión experimental</a> de su sitio que utiliza la tecnología HTML5, pero no planean que reemplace a la principal.</p>\r\n\r\n<p>YouTube lista aquellas cosas que Flash puede realizar y HTML5 no puede (por ahora):</p>\r\n\r\n<ul>\r\n<li><strong>Flash reduce el número de formatos que YouTube debe encodear.</strong> Esto es un muy importante porque aún no hay un estandar sobre que codec de video debe utilizarse para la web, y YouTube no puede reencodear todo su contenido ya que sus usuarios suben videos las 24 horas del día.</li><br>\r\n\r\n<li><strong>Flash ofrece control de calidad dinámico.</strong> Con HTML5 aún no se puede elegir la calidad de video en la que queremos verlo, aunque se está trabajando para solucionar este problema.</li><br>\r\n\r\n<li><strong>Flash ofrece protección de contenido.</strong> Ggracias a esto YouTube cuenta con el apoyo de grandes empresas, las cuales pueden proteger su contenido de la distribución ilegal.</li><br>\r\n\r\n<li><strong>Encapsulación y embeber.</strong> Una de las grandes ventajas que le permite Flash es que puede agregar contenido extra en los videos. Por ejemplo, las anotaciones, subtítulos, publicidad, entre otras. Esto también podría realizarse con Javascript, pero no sería HTML5 nativo.</li><br>\r\n\r\n<li><strong>Video a pantalla completa.</strong> Flash, a diferencia de Firefox y Webkit, ofrece cosas como aceleración de hardware, algo menor que de todas formas suma puntos a favor.</li><br>\r\n\r\n<li><strong>Acceso a webcam y micrófono</strong>. Los usuarios de YouTube pueden subir videos que hayan sido grabados directamente desde el sitio. HTML5 no puede acceder a estos dispositivos de los usuarios, por lo que esta opción no estaría disponible.</li><br>\r\n</ul>\r\n\r\n<p>Esto deja en claro los motivos por los cuales YouTube considera que Flash continua ganando la batalla y no pierde terreno. De todos modos, habrá que esperar para ver como nos sorprende HTML5, Flash o alguna nueva tecnología.</p>\r\n\r\n<p>Creo que HTML5 muy pronto nos va seguir sorprendiendo como lo viene haciendo hasta ahora... Ustedes ¿qué opinan?</p>\r\n\r\n<p>Fuente: <a href="http://www.webmonkey.com/2010/06/youtube-html5-video-is-no-match-for-flash/">webmonkey.com</a>.</p>', 1, '2010-07-13 00:00:00', NULL, NULL, 'youtube, html5, flash', 0),
(14, 2, 'firefox-4-muestra-su-potencial-para-la-nueva-web', 'http://www.spaghettiblog.com.ar/img/post/firefox4.jpg', 'Firefox 4: muestra su potencial para la nueva web', 'Mirá el vídeo donde Firefox 4 luce todo su potencial utilizando HTML5, CSS3, SVG, WebM, Websockets, entre otras.', '<p>Del 7 al 9 de julio se llevó a cabo la conferencia anual <a href="https://wiki.mozilla.org/Summit2010">Mozilla Summit 2010</a> donde se reúnen los miembros más pro-activos de la Fundación Mozilla.</p>\r\n\r\n<p>A continuación dejo un vídeo donde podemos observar el potencial que promete <a href="http://www.mozilla.com/en-US/firefox/beta/">Firefox 4</a> utilizando HTML5, CSS3, SVG, WebM, Websockets y algunas cosas más.</p>\r\n\r\n<p><object width="640" height="385"><param name="movie" value="http://www.youtube.com/v/-BsB0HpS768&amp;hl=es_ES&amp;fs=1"></param><param name="allowFullScreen" value="true"></param><param name="allowscriptaccess" value="always"></param><embed src="http://www.youtube.com/v/-BsB0HpS768&amp;hl=es_ES&amp;fs=1" type="application/x-shockwave-flash" allowscriptaccess="always" allowfullscreen="true" width="640" height="385"></embed></object></p>', 1, '2010-07-17 00:00:00', NULL, NULL, 'firefox, navegadores, html5, css3', 0),
(15, 2, 'diseno-de-interaccion-y-usabilidad-de-moviles-en-la-up', 'http://www.spaghettiblog.com.ar/img/post/mobileMonday.jpg', 'Diseño de Interacción y Usabilidad de Móviles en la UP', 'Mobile Monday y la Universidad de Palermo con la participación de Nokia y de IXDA invitan a una charla dedicada a El Proceso de diseño de interacción y usabilidad en móviles.', '<p>Nokia y IXDA introducen el proceso y experiencias en el diseño de interacción y usabilidad de móviles.</p>\r\n\r\n<p>El Martes 20 de julio a las 19hs, <a href="http://www.mobilemonday.net/">Mobile Monday</a> y la Facultad de Diseño y Comunicación con la participación de Nokia y de IXDA invitan a una charla dedicada a El Proceso de diseño de interacción y usabilidad en móviles (entrada libre y sin cargo con inscripción previa).</p>\r\n\r\n<p>Integrantes de IXDA presentarán el proceso de diseño de interacción y usabilidad desde un enfoque practico, junto con un análisis del impacto de este proceso en el éxito de un producto. Luego Axel Meyer Diseñador en Jefe de la Serie N de Nokia, presentará su experiencia como responsable de un equipo de diseñadores que modelan la exitosa Serie N de smartphones de Nokia.</p>\r\n\r\n<h3>Acerca de MobileMonday TechTalks</h3>\r\n<p>Abierta a todos los actores de la industria mobile del país, TechTalks es una comunidad de práctica con eventos regulares orientada a los protagonistas del desarrollo de aplicaciones y servicios innovadores para móviles, proponiendo un espacio mensual para compartir experiencias entre pares además de una comunidad virtual.</p>\r\n\r\n<h3>Acerca de MobileMonday</h3>\r\n<p><a href="http://www.momobuenosaires.com">MobileMonday Buenos Aires</a> es el capítulo argentino de MobileMonday, la comunidad global de innovadores, visionarios y ejecutivos del sector móvil internacional. La denominada comunidad MoMo es una organización sin fines de lucro que cuenta con más de 110.000 profesionales del sector que se autoconvocan en las principales 60 ciudades del mundo.</p>\r\n\r\n<p>Fuente: <a href="http://fido.palermo.edu/servicios_dyc/noticiasdc/eventos/detalle_agenda.php?id_activ=2189">www.palermo.edu</a></p>', 1, '2010-07-17 00:00:00', NULL, NULL, 'usabilidad, universidad de palermo, mobile, interacción', 0),
(16, 2, 'google-compra-metaweb-para-mejorar-sus-resultados-de-busqueda', 'http://www.spaghettiblog.com.ar/img/post/metaweb.jpg', 'Google compra Metaweb para mejorar sus resultados de búsqueda', 'Google ha adquirido Metaweb, una start-up que realiza conexiones entre personas, lugares y cosas que se encuentran en la Web.', '<p>Hay algunas búsquedas que Google no controla tan bien. Por ejemplo, al buscar "Boston" los resultados se centran en la ciudad de Massachusetts. Pero Boston también  es el nombre de una banda y otras 26 ciudades.</p>\r\n\r\n<p>Google <a href="http://googleblog.blogspot.com/2010/07/deeper-understanding-with-metaweb.html">ha publicado en su blog</a> que para mejorar este tipo de búsquedas, ha comprado <a href="http://www.metaweb.com/">Metaweb</a>.</p> \r\n\r\n<p>Pero, ¿qué es Metaweb?... Es un servicio que obtiene información de toda la Web, y de cualquier persona que quiera contribuir a su enorme base de datos, llamada Freebase. Los voluntarios ya han entregado 12 millones de cosas incluyendo películas, libros y empresas. Google mantendrá la base de datos bierta para que se siga creciendo.</p>\r\n\r\n<p><img src="http://www.spaghettiblog.com.ar/img/post/metaweb2.jpg" alt="metaweb" width="600" height="340"></p>\r\n\r\n<p>Les dejo un video que tiene una explicación muy buena sobre como funciona este servicio.</p>\r\n\r\n<p><object width="640" height="385"><param name="movie" value="http://www.youtube.com/v/TJfrNo3Z-DU&amp;hl=es_ES&amp;fs=1?color1=0x5d1719&amp;color2=0xcd311b"></param><param name="allowFullScreen" value="true"></param><param name="allowscriptaccess" value="always"></param><embed src="http://www.youtube.com/v/TJfrNo3Z-DU&amp;hl=es_ES&amp;fs=1?color1=0x5d1719&amp;color2=0xcd311b" type="application/x-shockwave-flash" allowscriptaccess="always" allowfullscreen="true" width="640" height="385"></embed></object></p>\r\n\r\n<p>Fuente: <a href="http://bits.blogs.nytimes.com/2010/07/16/google-buys-metaweb-to-improve-search-results/">nytimes.com/</a></p>', 1, '2010-07-18 14:28:55', NULL, NULL, 'google, metaweb, busquedas semanticas', 0),
(18, 2, 'google-instant-conoce-el-nuevo-camino-de-busqueda', 'http://www.spaghettiblog.com.ar/img/post/googleinstant.png', 'Google Instant... Conoce el nuevo camino de búsqueda', 'Google Instant es una nueva forma de búsqueda que muestra resultados mientras escribes.', '<p>Google ha cambiado la interacción a la hora de utilizar su buscador. Se ha agregado una nueva funcionalidad, Google Instant, la cual muestra resultados mientras escribes.</p>\r\n\r\n<p>Una de las ventajas que plantea Google es que el usuario puede acceder a la información que busca mucho más rápido porque ya no es necesario escribir una consulta completa ni pulsar una tecla o botón.</p>\r\n\r\n<p>Afirman que es una mejora para la experiencia del usuario ya que podrán realizar mejores búsquedas visualizando los resultados al instante y adaptar su búsqueda hasta que encuentre lo que necesite.</p>\r\n\r\n<p><object width="640" height="385"><param name="movie" value="http://www.youtube.com/v/ElubRNRIUg4?fs=1&amp;hl=es_ES&amp;color1=0x5d1719&amp;color2=0xcd311b"></param><param name="allowFullScreen" value="true"></param><param name="allowscriptaccess" value="always"></param><embed src="http://www.youtube.com/v/ElubRNRIUg4?fs=1&amp;hl=es_ES&amp;color1=0x5d1719&amp;color2=0xcd311b" type="application/x-shockwave-flash" allowscriptaccess="always" allowfullscreen="true" width="640" height="385"></embed></object></p>\r\n\r\n<h3>Algunas ventajas que menciona Google</h3>\r\n<ul>\r\n<li><strong>Búsquedas más rápidas:</strong> Google Instant puede ahorrar entre 2 y 5 segundos por búsqueda ya que no es necesario que se termine de escribir la consulta completa.</li>\r\n\r\n<li><strong>Predicciones más precisas:</strong> En caso de que el usuario no sepa exactamente lo que está buscando, aparecerán "las predicciones" que nos guiarán en nuestra búsqueda. La primera "predicción" se mostrará en gris para que se pueda dejar de escribir en cuanto encuentres lo que buscas.</li>\r\n\r\n<li><strong>Resultados instantáneos:</strong> Cuando se empiece a escribir, los resultados aparecerán como por arte de magia, los resultados aparecen directamente mientras escribes.</li>\r\n</ul>\r\n\r\n<p>A continuación algunos videos:<p>\r\n<p><object width="640" height="385"><param name="movie" value="http://www.youtube.com/v/i0eMHRxlJ2c?fs=1&amp;hl=es_ES&amp;color1=0x5d1719&amp;color2=0xcd311b"></param><param name="allowFullScreen" value="true"></param><param name="allowscriptaccess" value="always"></param><embed src="http://www.youtube.com/v/i0eMHRxlJ2c?fs=1&amp;hl=es_ES&amp;color1=0x5d1719&amp;color2=0xcd311b" type="application/x-shockwave-flash" allowscriptaccess="always" allowfullscreen="true" width="640" height="385"></embed></object></p>\r\n\r\n<p><object width="640" height="385"><param name="movie" value="http://www.youtube.com/v/qcm0rG8EKXI?fs=1&amp;hl=es_ES&amp;color1=0x5d1719&amp;color2=0xcd311b"></param><param name="allowFullScreen" value="true"></param><param name="allowscriptaccess" value="always"></param><embed src="http://www.youtube.com/v/qcm0rG8EKXI?fs=1&amp;hl=es_ES&amp;color1=0x5d1719&amp;color2=0xcd311b" type="application/x-shockwave-flash" allowscriptaccess="always" allowfullscreen="true" width="640" height="385"></embed></object></p>\r\n\r\n<p><object width="640" height="385"><param name="movie" value="http://www.youtube.com/v/fx4llLXZVSk?fs=1&amp;hl=es_ES&amp;color1=0x5d1719&amp;color2=0xcd311b"></param><param name="allowFullScreen" value="true"></param><param name="allowscriptaccess" value="always"></param><embed src="http://www.youtube.com/v/fx4llLXZVSk?fs=1&amp;hl=es_ES&amp;color1=0x5d1719&amp;color2=0xcd311b" type="application/x-shockwave-flash" allowscriptaccess="always" allowfullscreen="true" width="640" height="385"></embed></object></p>', 1, '2010-09-25 13:35:34', NULL, NULL, 'google, instant, buscadores', 0),
(21, 2, 'google-url-shortener-para-el-todos', 'http://www.spaghettiblog.com.ar/img/post/googleshorter.jpg', 'Google Url Shortener para el todos', 'Google Url Shortener ahora esta disponible al público como un servicio independiente que incluye varias características nuevas.', '<p>Hace unos meses Google había lanzado este servicio exclusivo para su Toolbar y  Feedburner, pero ahora decidieron abrir su cortador de URLs a todos los usuarios.</p>\r\n\r\n<p>Podremos usar usar <a href="http://goo.gl/">Goo.gl</a> (así es como lo llamaron) de la misma forma como se puede usar TinyURL!, bit.ly, is.gd, o cualquier otro cortador de URLs.</p>\r\n\r\n<p><img src="http://www.spaghettiblog.com.ar/img/post/googleshorterUI.jpg" alt="Imagen de la interfaz de Google Url Shortener"></p>\r\n\r\n<p>Además ya hay extensiones disponibles los navegadores Chrome y Firefox</p>\r\n<h4>Chrome:</h4>\r\n<ul>\r\n<li><a href="https://chrome.google.com/extensions/detail/kbmipnjdeifmobkhgogdnomkihhgojep">Shareaholic</a></li>\r\n<li><a href="https://chrome.google.com/extensions/detail/iblijlcdoidgdpfknkckljiocdbnlagk">goo.gl URL Shortener</a></li>\r\n</ul>\r\n\r\n<h4>Firefox:</h4>\r\n<ul>\r\n<li><a href="https://addons.mozilla.org/en-US/firefox/addon/55308/">lite goo.gl</a></li>\r\n</ul>\r\n\r\n<p>De todos modos, han prometido una API para explotar sus nuevas características.</p>\r\n\r\n<p>A esperar la API nomás!</p>\r\n\r\n<p>Fuente: <a href="http://googlesocialweb.blogspot.com/2010/09/google-url-shortener-gets-website.html">http://googlesocialweb.blogspot.com/</a></p>', 1, '2010-10-02 10:22:53', NULL, NULL, 'google, google url shortener, cortador', 0),
(22, 1, 'saca-el-ninja-que-hay-en-vos-de-jquery', 'http://www.spaghettiblog.com.ar/img/post/jqueryNinja.jpg', 'Saca el ninja que hay en vos... de jquery', 'Lectura recomendada para sumergirse en el mundo jQuery y convertirte en un verdadero ninja.', '<p>Navegando en <a href="http://www.slideshare.net">slideshare.net</a> encontré este interesante libro que editó la gente de <a href="http://www.sitepoint.com">SitePoint</a>.</p>\r\n\r\n<div style="margin:0 auto;text-align:center;width:600px;" id="__ss_3262417">\r\n<object id="__sse3262417" width="600" height="510"><param name="movie" value="http://static.slidesharecdn.com/swf/doc_player.swf?doc=jquery1-sample-100224004658-phpapp01&stripped_title=jquery-novice-to-ninja&userName=SitePoint" /><param name="allowFullScreen" value="true"/><param name="allowScriptAccess" value="always"/><embed name="__sse3262417" src="http://static.slidesharecdn.com/swf/doc_player.swf?doc=jquery1-sample-100224004658-phpapp01&stripped_title=jquery-novice-to-ninja&userName=SitePoint" type="application/x-shockwave-flash" allowscriptaccess="always" allowfullscreen="true" width="477" height="510"></embed></object>\r\n</div>', 1, '2010-10-02 10:58:32', NULL, NULL, 'ninja, jquery, javascript', 0),
(23, 1, 'introduccion-a-html5-parte-1', 'http://www.spaghettiblog.com.ar/img/post/html5logo.png', 'Introducción a HTML5 - Parte 1', 'En esta primera parte vamos a ver qué es HTML5 y qué novedades trae. ¿Estas preparado para sumergirte en la nueva web?', '<p>Varios meses atrás publique algunos posts sobre <strong>HTML5</strong>, pero nunca escribí cuáles son las nuevas funcionalidades que trae. Es por eso que a partir de este post, voy a hablar sobre las nuevas características de HTML5 y lo que vamos a poder hacer con ellas. </p>\r\n\r\n<h3>¿Qué es HTML5?</h3>\r\n<p><strong>HTML5</strong> es la nueva generación de las especificaciones y definiciones que estandarizan el diseño y desarrollo de páginas web.</p>\r\n<p>Además, agrupa las nuevas tecnologias de desarrollo de aplicaciones web: <strong>HTML5</strong> (sintaxis de HTML), <strong>CSS3</strong>, y nuevas funcionalidades de <strong>JavaScript</strong>, además de nuevas APIs del DOM.</p>\r\n<p><strong>HTML5</strong> es el presente de la web.</p>\r\n\r\n<h3>Un poco de historia... (breve)</h3>\r\n<p>A mediados del 2006, la <a href="http://www.w3.org/" title="W3C" target="_blank">World Wide Web Consortium</a> y la <a href="www.whatwg.org/" title="WHATWG" target="_blank">Web Hypertext Application Technology Working Group</a> decidieron unir fuerzas y cooperar para crear una nueva versión del estándar: <strong>HTML5</strong>.</p>\r\n\r\n<p>Cómo principal objetivo establecieron algunas reglas que debe cumplir:</p>\r\n<ul>\r\n<li>Basarse en HTML, CSS, DOM y JavaScript.</li>\r\n<li>Reducir la necesidad de plugins externos (Flash).</li>\r\n<li>Mejorar el manejo de errores en los formularios (sin la necesidad de utilizar JavaScript).</li>\r\n<li>Mejores etiquetas y atributos para generar contenidos semánticos.</li>\r\n<li>HTML5 debe ser independiente del dispositivo. No importa desde dónde el usuario navegue nuestro sitio.</li>\r\n<li>El proceso de desarrollo debe ser visible para el público:(<a href="http://dev.w3.org/html5/spec/Overview.html" target="_blank">especificación en la W3C</a>)</li>\r\n</ul>\r\n\r\n<p>Este conjunto de herramientas nos permiten crear una web que se ajuste a las necesidades de los usuarios actuales. Agregando gráficos avanzados, mejorando la tipografías, creando animaciones y transiciones y realizando un marcado de nuestro código mucho más semántico.</p>\r\n<p>Tengamos en cuenta, que hoy los usuarios navegan por internet desde todo tipo de dispositivos: teléfonos móviles, tabletas, eBooks, netbooks, computadoras de escritorio y otra gama de dispositivos, por lo que tenemos que estar preparados para ello.</p>\r\n\r\n\r\n<h3>Nuevas características</h3>\r\n<ul>\r\n<li>Nuevos elementos semánticos de contenido como: el article, footer, header, nav, section, entre otras.</li>\r\n<li>Incorpora etiquetas (canvas 2D, audio y video) con codecs para mostrar contenidos multimedia.</li>\r\n<li>Etiquetas para manejar grandes conjuntos de datos: Datagrid, Details, menu y Command. Permiten generar tablas dinámicas que pueden filtrar, ordenar y ocultar contenido en cliente.</li>\r\n<li>Mejoras en los formularios. Nuevos tipos de datos (e-mail, number, url, datetime, entre otros)</li>\r\n<li>Validaciones de formularios nativas del browser, sin utilizar JavaScript.</li>\r\n<li><strong>SVG</strong>, gráficos vectoriales.</li>\r\n<li>Drag & Drop nativo del browser. Nueva funcionalidad para arrastrar objetos.</li>\r\n<li>API para trabajar Off-Line. Permite descargar todos los contenidos necesarios y trabajar de forma local sin acceso a internet.</li>\r\n<li>API de Geolocalización, para dispositivos que lo soporten.</li>\r\n<li>API Storage. Facilidad de almacenamiento local por aplicación o por dominio Web (<strong>Local Storage</strong> y <strong>Global Storage</strong>).</li>\r\n<li><strong>Web Sockets</strong>. API de comunicación bidireccional entre páginas (similar a los Sockets de C).</li>\r\n<li><strong>Web Workers</strong>. Hilos de ejecución en paralelo de javascript.</li>\r\n</ul>\r\n\r\n<p>Aún, 4 años más tarde, algunos de estos features se encuentran en proceso de desarrollo pero la mayoría de los navegadores ya los están soportando.</p>\r\n\r\n<p>Las últimas versiones de Safari, Chrome, Firefox y Opera ya están utilizando algunas de estas características de HTML5. Internet Explorer comenzó a soportar HTML5 en su versión IE9, y en su versión 10 va a estar soportando la mayor parte.</p>', 1, '2011-10-21 08:04:52', NULL, NULL, 'html5, css3, javascript, estandares, w3c, geolocalización, websockets, webworkers, localstorage, canvas, ', 0),
(24, 1, 'nuevas-etiquetas-de-html5', 'http://www.spaghettiblog.com.ar/img/post/newtags.png', 'Nuevas etiquetas de HTML5', 'En esta segunda parte vamos ver cuáles son las nuevas etiquetas que se incorporan para lograr una estructura semántica de nuestro código.', '<p>Como mencioné en el <a href="http://www.spaghettiblog.com.ar/articulos/introduccion-a-html5-parte-1">post anterior</a>, en esta versión de <strong>HTML</strong>, vamos a poder realizar un marcado mucho más semántico de nuestro código ya que se agregan nuevas etiquetas.</p>\r\n\r\n<h3>Primero, lo primero: Doctype</h3>\r\n\r\n<p>Como ya sabemos, antes de escribir cualquier documento HTML es necesario agregar el doctype para declarar que versión de HTML vamos a utilizar (de no hacerlo el browser entra en <a href="http://es.wikipedia.org/wiki/Quirks_Mode" target="_blank">quirks mode</a> y esto no es recomendable).</p>\r\n\r\n<p>El doctype que debemos utilizar para armar nuestro documento <strong>HTML5</strong> es:</p>\r\n\r\n<pre>\r\n&lt;!DOCTYPE html&gt;\r\n</pre>\r\n\r\n<h3>Etiquetas semánticas</h3>\r\n\r\n<p>HTML5 incorpora una gran variedad de nuevos elementos que nos permiten realizar un marcado semántico de la estructura de nuestro sitio, sin la necesidad de escribir los famosos divs con los ids o clases: "header", "content" o "footer".</p>\r\n\r\n<p>HTML5 quiere hacernos la vida una poco más fácil y para eso agregan las siguientes etiquetas:</p>\r\n<dl>\r\n<dt>header</dt>\r\n<dd>Dentro de éste elemento ubicaremos la introducción de una página o sección. Por ejemplo, puede contener el título de la página, un logo, o bien, el título de una sección en particular de la página (siempre utilizando las etiquetas de encabezados h1 a h6).</dd>\r\n<dd>\r\n<pre>\r\n&lt;header&gt;\r\n    &lt;h1&gt;SpaghettiBlog&lt;/h1&gt;\r\n&lt;/header&gt;\r\n</pre>\r\n</dd>\r\n\r\n<dt>hgroup</dt>\r\n<dd>Esta etiqueta la podremos utilizar para agrupar un conjunto de títulos (h1-h6). Pueden ser múltiples títulos, o bien, subtítulos de una sección en particular de la página.</dd>\r\n<dd>\r\n<pre>\r\n&lt;hgroup&gt;\r\n    &lt;h1&gt;SpaghettiBlog&lt;/h1&gt;\r\n    &lt;h2&gt;Un subtítulo para el blog.&lt;/h2&gt;\r\n&lt;/hgroup&gt;\r\n</pre>\r\n</dd>\r\n\r\n<dt>nav</dt>\r\n<dd>Este elemento está reservado para contener aquellos elementos que nos permitan navegar por el sitio (barra de navegación, listado de links, paginados, etc).<dd>\r\n<dd>\r\n<pre>\r\n&lt;nav&gt;\r\n   &lt;ul&gt;\r\n       &lt;li&gt;Inicio&lt;/li&gt;\r\n       &lt;li&gt;Artículos&lt;/li&gt;\r\n       &lt;li&gt;Noticias&lt;/li&gt;\r\n    &lt;/ul&gt;\r\n&lt;/nav&gt;\r\n</pre>\r\n</dd>\r\n\r\n<dt>section</dt>\r\n<dd>Este elemento representa una sección genérica dentro de una página. Por ejemplo, puede estar dada por una agrupación de contenido.</dd>\r\n<dd>\r\n<pre>\r\n&lt;section&gt;\r\n    &lt;h2&gt;Desatacados&lt;/h2&gt;\r\n    &lt;p&gt;Los artículos destacados de esta semana....&lt;/p&gt;\r\n&lt;/section&gt;\r\n</pre>\r\n</dd>\r\n\r\n<dt>article</dt>\r\n<dd>Este elemento representa una sección de la página que podría considerarse independiente del contenido. Por ejemplo un mensaje en un foro, un artículo de un diario, un post de un blog, comentarios enviados por usuarios, un widget interactivo o gadget.\r\n<dd>\r\n<pre>\r\n&lt;article&gt;\r\n    &lt;ul&gt;\r\n        &lt;li&gt;Twitter&lt;/li&gt;\r\n        &lt;li&gt;RSS Feeds&lt;/li&gt;\r\n        &lt;li&gt;Facebook&lt;/li&gt;\r\n    &lt;/ul&gt;\r\n&lt;/article&gt;\r\n</pre>\r\n</dd>\r\n\r\n<dt>aside<dt>\r\n<dd>El elemento aside, representa una sección que está relacionada con el contenido principal de una página. Además. podría ser considerado independiente de dicho contenido. Por ejemplo: barras laterales de contenido, para  publicidad, grupos de elementos de navegación, y otro contenido que se considera separado del contenido principal.</dd>\r\n<dd>\r\n<pre>\r\n&lt;aside&gt;\r\n    &lt;article&gt;\r\n        &lt;ul&gt;\r\n            &lt;li&gt;Twitter&lt;/li&gt;\r\n            &lt;li&gt;RSS Feeds&lt;/li&gt;\r\n            &lt;li&gt;Facebook&lt;/li&gt;\r\n        &lt;/ul&gt;\r\n    &lt;/article&gt;\r\n&lt;/aside&gt;\r\n</pre>\r\n</dd>\r\n\r\n<dt>figure</dt>\r\n<dd>Esta etiqueta nos permite agrupar diagramas, ilustraciones, fotos, y ejemplos de código (entre otras cosas), que le den sentido al contenido de una determinada sección, y manejarlos como si de una unidad se tratase. En caso de que este contenido este relacionado, se podría usar la etiqueta aside</dd>.\r\n<dd>\r\n<pre>\r\n&lt;figure&gt;\r\n    &lt;img src="photo.png" alt="alternative text" /&gt;\r\n&lt;/figure&gt;\r\n</pre>\r\n</dd>\r\n\r\n<dt>figcaption</dt>\r\n<dd>Es la leyenda o título del elemento figure.</dd>\r\n<dd>\r\n<pre>\r\n&lt;figure&gt;\r\n    &lt;img src="photo1.png" alt="Imagen 1" /&gt;\r\n    &lt;img src="photo2.png" alt="Imagen 2" /&gt;\r\n    &lt;img src="photo3.png" alt="Imagen 3" /&gt;\r\n    &lt;figcaption&gt;Texto que resume las imagenes que estoy mostrando&lt;/figcaption&gt;\r\n&lt;/figure&gt;\r\n</pre>\r\n</dd>\r\n\r\n<dt>video</dt>\r\n<dd>Esta nueva etiqueta, es uno de los más destacados ya que nos permite agregar elementos de video sin la necesidad de plug-ins extras.</dd>\r\n<dd>\r\n<pre>\r\n&lt;video src="video.ogv" controls poster="poster.jpg" width="320" height="240"&gt;\r\n    &lt;a href="video.ogv"&gt;Descargar video&lt;/a&gt;\r\n&lt;/video&gt;\r\n</pre>\r\n</dd>\r\n\r\n<dt>audio</dt>\r\n<dd>Al igual que el video, uno de las etiquetas más detacadas. Con el podremos agregar sonidos o pistas de audio a nuestro sitio.</dd>\r\n<dd>\r\n<pre>\r\n&lt;audio src="audio.oga" controls &gt;\r\n    &lt;a href="audio.oga"&gt;Descargar sonido&lt;/a&gt;\r\n&lt;/audio&gt;\r\n</pre>\r\n</dd>\r\n\r\n<dt>mark</dt>\r\n<dd>Esta etiqueta nos permite destacar texto o parte de un texto que sea relevante para el usuario.</dd>\r\n<dd>\r\n<pre>\r\nEsta etiqueta nos permite &lt;mark&gt;destacar texto o parte de un texto&lt;/mark&gt; que sea relevante para el usuario\r\n</pre>\r\n</dd>\r\n\r\n<dt>progress</dt>\r\n<dd>Representa el progreso de una tarea en curso. Por ejemplo, el de la descarga de un archivo.</dd>\r\n<dd>\r\n<pre>\r\n&lt;p&gt;Progreso:  &lt;progress&gt;  &lt;span id="p"&gt;20 &lt;/span&gt;%  &lt;/progress&gt;  &lt;/p&gt;\r\n</pre>\r\n</dd>\r\n\r\n\r\n<dt>meter</dt>\r\n<dd>La etiqueta meter representa una medida escalar dentro de un rango conocido, por ejemplo, un  puntaje.</dd>\r\n<dd>\r\n<pre>\r\nTu puntaje es: &lt;meter&gt; 2 de 10 &lt;/meter&gt;\r\n</pre>\r\n</dd>\r\n\r\n<dt>time</dt>\r\n<dd>Se utiliza para representar fechas exactas.</dd>\r\n<dd>\r\n<pre>\r\n&lt;time datetime="2011-10-22T22:12Z"&gt;\r\nNovember 22th, 2011 at 22:12\r\n&lt;/time&gt;\r\n</pre>\r\n</dd>\r\n\r\n<dt>canvas</dt>\r\n<dd>Es un API de dibujo para JavaScript, con la que podremos crear nuestros propios gráficos o cualquier imagen, controlando y accediendo a cada bitmap.</dd>\r\n<dd>\r\n<pre>\r\n&lt;canvas&gt;&lt;/canvas&gt;\r\n</pre>\r\n</dd>\r\n\r\n<dt>svg</dt>\r\n<dd>Es una etiqueta que nos permite insertar dibujos y animaciones vectoriales, basado en el estándar abierto SVG (Scalable Vector Graphics).</dd>\r\n<dd>\r\n<pre>\r\n&lt;svg&gt;\r\n    &lt;circle id="myCircle" cx="50%" cy="50%" r="100"  fill="url(#gradient)" /&gt;\r\n&lt;/svg&gt;\r\n</pre>\r\n</dd>\r\n\r\n<dt>command</dt>\r\n<dd>Esta etiqueta representa comandos que el usuario puede invocar. Por ejemplo, puede cada una de las opciones de un menú, una barra de herramientas, o bien, definir atajos de teclado.</dd>\r\n<dd>\r\n<pre>\r\n&lt;menu&gt;\r\n    &lt;command type="radio" label="Save as" icon="save.png" onclick="saveAs()" /&gt;\r\n&lt;/menu&gt;\r\n</pre>\r\n</dd>\r\n\r\n<dt>menu</dt>\r\n<dd>El menu representa una lista de comandos. Por ejemplo, una barra de herramientas o un menú de acciones.</dd>\r\n<dd>\r\n<pre>\r\n&lt;menu&gt;\r\n    &lt;command type="radio" label="Save as" icon="save.png" onclick="saveAs()" /&gt;\r\n    &lt;command type="radio" label="Open" icon="open.png" onclick="open()" /&gt;\r\n    &lt;command type="radio" label="Send" icon="send.png" onclick="send()" /&gt;\r\n&lt;/menu&gt;\r\n</pre>\r\n</dd>\r\n\r\n<dt>details</dt>\r\n<dd>Es un elemento que funciona como un widget, ya que el usuario podrá visualizar más información o detalles de una entidad al hacerle click. Por ejemplo, nos permite agrupar detalles de un archivo.</dd>\r\n<dd>\r\n<pre>\r\n&lt;details&gt;\r\n    &lt;summary&gt;Show/hide me&lt;/summary&gt;\r\n    &lt;p&gt;Muestro detalles&lt;/p&gt;\r\n&lt;/details&gt;\r\n</pre>\r\n</dd>\r\n            \r\n<dt>summary</dt>\r\n<dd>Es un resumen, título o leyenda que se utiliza, dentro de la etiqueta details, para agrupar el resto del contenido.</dd>\r\n<dd>\r\n<pre>\r\n&lt;details&gt;\r\n    &lt;summary&gt;Show/hide me&lt;/summary&gt;\r\n    &lt;p&gt;Muestro detalles&lt;/p&gt;\r\n&lt;/details&gt;\r\n</pre>\r\n</dd>\r\n\r\n<dt>datalist</dt>\r\n<dd>El elemento datalist es un conjunto de opciones predefinidas ara otros controles, por ejemplo, un input de texto.</dd>\r\n<dd>\r\n<pre>\r\n&lt;input type="text" name="frutas" list="frutas"&gt;\r\n&lt;datalist&gt;\r\n    &lt;option value="manzana"&gt;Manzana&lt;/option&gt;\r\n    &lt;option value="banana"&gt;Banana&lt;/option&gt;\r\n    &lt;option value="pera"&gt;Pera&lt;/option&gt;\r\n&lt;/datalist&gt;\r\n</pre>\r\n</dd>\r\n\r\n<dt>keygen</dt>\r\n<dd>Keygen es un control que genera claves para autentificar a los usuarios, al enviar un formulario. Una vez que este se envía, se generan dos claves: una privada que se guarda en el local keystore y otra publica la cual se envía al servidor.</dd>\r\n<dd>\r\n<pre>\r\n&lt;form&gt;\r\n    &lt;input type="text" name="nombre"&gt;\r\n    &lt;keygen name="key"&gt;\r\n    &lt;input type="submit" name="name" value="Enviar"&gt;\r\n&lt;/form&gt;\r\n</pre>\r\n</dd>\r\n\r\n<dt>output</dt>\r\n<dd>Este elemento representa el resultado o valor  de un cálculo, el cuál puede ser realizado mediante un script o ingresado por el usuario.</dd>\r\n<dd>\r\n<pre>\r\n&lt;form&gt;\r\n    &lt;label for="score">Score&lt;/label&gt;\r\n    &lt;input name="flying-level" id="score" type="range" min="0" max="250"&gt;\r\n    &lt;output for="score" onforminput="value = score.valueAsNumber"&gt;0&lt;/output&gt;\r\n    &lt;input type="submit" name="name" value="Enviar" &gt;\r\n&lt;/form&gt;\r\n</pre>\r\n</dd>\r\n\r\n<dt>footer</dt>\r\n<dd>Dentro de éste elemento ubicaremos el pie de una página o sección.</dd>\r\n<dd>\r\n<pre>\r\n&lt;footer&gt;\r\n    &lt;p&gt;© 2011 spaghettiBlog.com.ar | Diseñado y desarrollado por Guillermo Paz - Todos los derechos reservados.&lt;/p&gt;\r\n&lt;/footer&gt;\r\n</pre>\r\n</dd>\r\n\r\n</dl>\r\n\r\n<h3>Oh! ¿Se murió el div? </h3>\r\n<p><strong>NO</strong>, el div todavía sigue vivo y no lo eliminen como muchos hicieron con las tablas.</p>\r\n<p>Hasta el día de hoy, conozco muchas personas que tienen miedo tablas o les parece una mala palabra, sin conocer ni entender su sentido semántico.</p>\r\n<p>Las tablas son para tabular datos y punto (vi datos tabulados en listas flotadas o divs :O).</p>\r\n</p>El que haya nuevos elementos no quiere decir que no se puedan seguir utilizando al viejo y amado div. Simplemente, ahora contamos con nuevas etiquetas que tienen un rol semántico en nuestro código, reemplazando los divs que se creían "header", "navs" o "footers"</p>\r\n<p>Ahora tenemos etiquetas concretas que cumplen esa finalidad.</p>', 1, '2011-10-24 23:22:04', NULL, NULL, 'html, html5, article, header, footer, section, nav, canvas, etiquetas, tags, svg, video, audio, aside', 0);

-- --------------------------------------------------------

--
-- Constraints for dumped tables
--

--
-- Constraints for table `comments`
--
ALTER TABLE `comments`
  ADD CONSTRAINT `comments_ibfk_1` FOREIGN KEY (`com_post`) REFERENCES `posts` (`post_id`) ON UPDATE CASCADE;

--
-- Constraints for table `posts`
--
ALTER TABLE `posts`
  ADD CONSTRAINT `posts_ibfk_1` FOREIGN KEY (`post_categ`) REFERENCES `categories` (`categ_id`) ON UPDATE CASCADE;